DELIVERY_AREA_ID,DELIVERY_RADIUS_METERS,EVENT_STARTED_TIMESTAMP
5db02e5d401d690c836b9ead,3000,2022-06-14T08:26:20.923854Z
5db02e5d401d690c836b9ead,7000,2022-06-14T08:49:01.186365Z
5db02e5d401d690c836b9ead,3000,2022-06-18T07:43:57.662294Z
5db02e5d401d690c836b9ead,7000,2022-06-18T08:00:45.227506Z
5d78a7e552dfabd5251dab7b,4000,2022-06-18T08:05:29.093983Z
5d78a7e552dfabd5251dab7b,9500,2022-06-18T08:21:34.293979Z
5db02e5d401d690c836b9ead,3000,2022-06-21T08:27:28.389335Z
5db02e5d401d690c836b9ead,7000,2022-06-21T08:44:32.039774Z
5d78a7e552dfabd5251dab7b,4000,2022-06-22T09:44:49.232552Z
5d78a7e552dfabd5251dab7b,9500,2022-06-22T10:03:51.410822Z
5d78a7e552dfabd5251dab7b,4000,2022-06-22T12:55:05.341815Z
5d78a7e552dfabd5251dab7b,9500,2022-06-22T13:01:53.500912Z
5d78a7e552dfabd5251dab7b,4000,2022-06-24T11:30:03.867855Z
5d78a7e552dfabd5251dab7b,9500,2022-06-24T11:51:07.526917Z
5d78a7e552dfabd5251dab7b,4000,2022-06-24T12:30:07.68006Z
5db02e5d401d690c836b9ead,3000,2022-06-25T08:27:24.115763Z
5db02e5d401d690c836b9ead,7000,2022-06-25T09:09:53.988106Z
5db02e5d401d690c836b9ead,3000,2022-06-25T11:06:02.919487Z
5db02e5d401d690c836b9ead,7000,2022-06-25T11:16:54.793145Z
5d78a7e552dfabd5251dab7b,9500,2022-06-28T08:42:54.18225Z
5d78a7e552dfabd5251dab7b,4000,2022-06-28T09:09:43.995594Z
5d78a7e552dfabd5251dab7b,9500,2022-06-28T09:24:09.664679Z
5db02e5d401d690c836b9ead,3000,2022-06-30T08:13:03.249003Z
5db02e5d401d690c836b9ead,7000,2022-06-30T10:10:16.229067Z
5db02e5d401d690c836b9ead,3000,2022-06-30T12:16:33.369902Z
5db02e5d401d690c836b9ead,7000,2022-06-30T13:10:33.881056Z
5db02e5d401d690c836b9ead,3000,2022-06-30T13:43:57.410863Z
5db02e5d401d690c836b9ead,7000,2022-06-30T15:15:26.006645Z
5db02e5d401d690c836b9ead,3000,2022-06-30T16:38:21.167199Z
5db02e5d401d690c836b9ead,7000,2022-06-30T17:14:37.732416Z
5db02e5d401d690c836b9ead,3000,2022-07-01T08:16:06.571742Z
5db02e5d401d690c836b9ead,7000,2022-07-01T08:48:45.474599Z
5db02e5d401d690c836b9ead,3000,2022-07-02T08:18:53.998267Z
5db02e5d401d690c836b9ead,7000,2022-07-02T08:26:54.2828Z
5d78a7e552dfabd5251dab7b,4000,2022-07-02T11:10:49.845583Z
5db02e5d401d690c836b9ead,3000,2022-07-02T12:17:19.194992Z
5db02e5d401d690c836b9ead,7000,2022-07-02T12:28:07.585979Z
5d78a7e552dfabd5251dab7b,9500,2022-07-02T12:41:54.49011Z
5db02e5d401d690c836b9ead,3000,2022-07-03T08:02:58.739329Z
5db02e5d401d690c836b9ead,7000,2022-07-03T09:02:45.169752Z
5db02e5d401d690c836b9ead,3000,2022-07-03T11:17:57.171456Z
5db02e5d401d690c836b9ead,7000,2022-07-03T11:59:30.969401Z
5db02e5d401d690c836b9ead,3000,2022-07-03T12:22:24.924361Z
5d78a7e552dfabd5251dab7b,4000,2022-07-03T12:44:37.319207Z
5d78a7e552dfabd5251dab7b,9500,2022-07-03T13:03:11.745377Z
5db02e5d401d690c836b9ead,7000,2022-07-03T14:00:19.14078Z
5db02e5d401d690c836b9ead,3500,2022-07-03T14:33:42.612707Z
5db02e5d401d690c836b9ead,3000,2022-07-03T14:35:26.495781Z
5db02e5d401d690c836b9ead,7000,2022-07-03T15:40:19.742627Z
5db02e5d401d690c836b9ead,3000,2022-07-04T08:37:22.617502Z
5db02e5d401d690c836b9ead,2500,2022-07-04T10:20:49.273395Z
5db02e5d401d690c836b9ead,3000,2022-07-04T10:52:58.420079Z
5db02e5d401d690c836b9ead,2500,2022-07-04T11:18:52.730469Z
5db02e5d401d690c836b9ead,3500,2022-07-04T12:28:59.658138Z
5db02e5d401d690c836b9ead,2500,2022-07-04T13:03:43.058599Z
5db02e5d401d690c836b9ead,3500,2022-07-04T17:18:03.892662Z
5db02e5d401d690c836b9ead,7000,2022-07-04T18:11:58.709777Z
5db02e5d401d690c836b9ead,3000,2022-07-05T07:41:30.816685Z
5db02e5d401d690c836b9ead,2500,2022-07-05T09:57:55.913419Z
5db02e5d401d690c836b9ead,3500,2022-07-05T17:27:49.878052Z
5db02e5d401d690c836b9ead,7000,2022-07-05T17:41:13.60108Z
5db02e5d401d690c836b9ead,3000,2022-07-06T09:35:16.289984Z
5db02e5d401d690c836b9ead,7000,2022-07-06T10:08:06.200937Z
5d78a7e552dfabd5251dab7b,4000,2022-07-06T11:53:29.018564Z
5d78a7e552dfabd5251dab7b,9500,2022-07-06T12:06:49.650702Z
5db02e5d401d690c836b9ead,3000,2022-07-07T08:38:34.587308Z
5db02e5d401d690c836b9ead,2500,2022-07-07T09:26:31.040313Z
5db02e5d401d690c836b9ead,7000,2022-07-07T10:08:16.257858Z
5db02e5d401d690c836b9ead,3000,2022-07-07T13:45:37.254981Z
5db02e5d401d690c836b9ead,7000,2022-07-07T14:46:08.79394Z
5db02e5d401d690c836b9ead,3000,2022-07-08T08:56:17.388348Z
5db02e5d401d690c836b9ead,2500,2022-07-08T09:02:37.801971Z
5db02e5d401d690c836b9ead,7000,2022-07-08T09:38:09.08988Z
5db02e5d401d690c836b9ead,3000,2022-07-08T12:06:10.803526Z
5db02e5d401d690c836b9ead,7000,2022-07-08T12:17:42.757598Z
5db02e5d401d690c836b9ead,3500,2022-07-08T13:29:08.136146Z
5db02e5d401d690c836b9ead,2500,2022-07-08T13:39:06.060316Z
5db02e5d401d690c836b9ead,3000,2022-07-08T15:09:15.671044Z
5db02e5d401d690c836b9ead,7000,2022-07-08T18:10:20.875543Z
5db02e5d401d690c836b9ead,3000,2022-07-09T09:12:00.346366Z
5db02e5d401d690c836b9ead,7000,2022-07-09T09:47:44.300414Z
5db02e5d401d690c836b9ead,3000,2022-07-09T09:55:47.039829Z
5db02e5d401d690c836b9ead,2500,2022-07-09T10:19:15.006573Z
5db02e5d401d690c836b9ead,7000,2022-07-09T10:44:40.550729Z
5db02e5d401d690c836b9ead,3500,2022-07-09T11:07:06.840601Z
5db02e5d401d690c836b9ead,3000,2022-07-09T11:28:10.467648Z
5db02e5d401d690c836b9ead,7000,2022-07-09T11:37:41.516464Z
5db02e5d401d690c836b9ead,3000,2022-07-10T09:06:42.14774Z
5db02e5d401d690c836b9ead,7000,2022-07-10T09:39:28.802168Z
5db02e5d401d690c836b9ead,3000,2022-07-10T09:48:40.227037Z
5db02e5d401d690c836b9ead,7000,2022-07-10T10:03:29.800006Z
5db02e5d401d690c836b9ead,3000,2022-07-10T12:20:51.291538Z
5db02e5d401d690c836b9ead,7000,2022-07-10T13:12:16.74834Z
5db02e5d401d690c836b9ead,3000,2022-07-10T14:28:07.943402Z
5db02e5d401d690c836b9ead,7000,2022-07-10T16:00:36.399066Z
5db02e5d401d690c836b9ead,3000,2022-07-10T18:02:05.523328Z
5db02e5d401d690c836b9ead,7000,2022-07-10T19:14:00.756512Z
5db02e5d401d690c836b9ead,3000,2022-07-11T08:46:40.315967Z
5db02e5d401d690c836b9ead,7000,2022-07-11T11:30:16.175667Z
5db02e5d401d690c836b9ead,3000,2022-07-11T11:38:18.256885Z
5db02e5d401d690c836b9ead,7000,2022-07-11T16:55:03.949407Z
5db02e5d401d690c836b9ead,3000,2022-07-11T17:55:52.119097Z
5d78a7e552dfabd5251dab7b,4000,2022-07-11T17:59:19.677297Z
5d78a7e552dfabd5251dab7b,9500,2022-07-11T18:23:24.844116Z
5db02e5d401d690c836b9ead,7000,2022-07-11T18:25:49.10227Z
5db02e5d401d690c836b9ead,3000,2022-07-12T09:14:03.961334Z
5db02e5d401d690c836b9ead,7000,2022-07-12T11:26:07.447154Z
5db02e5d401d690c836b9ead,3000,2022-07-12T12:07:51.711024Z
5db02e5d401d690c836b9ead,7000,2022-07-12T18:11:22.841605Z
5d78a7e552dfabd5251dab7b,4000,2022-07-13T07:19:03.810338Z
5d78a7e552dfabd5251dab7b,9500,2022-07-13T08:29:24.372511Z
5cc1b60b034adf90cd8f14dd,3500,2022-07-14T10:19:41.982661Z
5cc1b60b034adf90cd8f14dd,8500,2022-07-14T10:32:51.010722Z
5cc1b60b034adf90cd8f14dd,9500,2022-07-14T10:33:03.467801Z
5d78a7e552dfabd5251dab7b,4000,2022-07-15T10:14:12.578366Z
5d78a7e552dfabd5251dab7b,9500,2022-07-15T10:50:26.122602Z
5db02e5d401d690c836b9ead,3000,2022-07-15T12:01:58.659287Z
5db02e5d401d690c836b9ead,7000,2022-07-15T13:06:52.989477Z
5db02e5d401d690c836b9ead,3000,2022-07-15T14:44:42.961114Z
5db02e5d401d690c836b9ead,7000,2022-07-15T15:34:13.116702Z
5db02e5d401d690c836b9ead,3000,2022-07-16T08:08:46.827234Z
5db02e5d401d690c836b9ead,7000,2022-07-16T08:52:49.593124Z
5d78a7e552dfabd5251dab7b,4000,2022-07-16T11:54:16.68388Z
5d78a7e552dfabd5251dab7b,9500,2022-07-16T12:16:07.547316Z
5d78a7e552dfabd5251dab7b,4000,2022-07-16T16:47:05.02874Z
5d78a7e552dfabd5251dab7b,9500,2022-07-16T17:50:59.638473Z
5db02e5d401d690c836b9ead,3000,2022-07-17T08:34:08.896568Z
5db02e5d401d690c836b9ead,2000,2022-07-17T09:42:56.468073Z
5db02e5d401d690c836b9ead,7000,2022-07-17T10:18:53.733297Z
5d78a7e552dfabd5251dab7b,4000,2022-07-17T17:29:09.921119Z
5d78a7e552dfabd5251dab7b,9500,2022-07-17T17:32:05.774405Z
5db02e5d401d690c836b9ead,3000,2022-07-18T09:29:18.51549Z
5db02e5d401d690c836b9ead,7000,2022-07-18T09:36:22.382953Z
5db02e5d401d690c836b9ead,3000,2022-07-18T12:11:56.832009Z
5db02e5d401d690c836b9ead,7000,2022-07-18T13:34:53.270437Z
5d78a7e552dfabd5251dab7b,4000,2022-07-18T13:47:12.825802Z
5d78a7e552dfabd5251dab7b,9500,2022-07-18T14:23:52.955187Z
5d78a7e552dfabd5251dab7b,4000,2022-07-19T08:12:32.217103Z
5d78a7e552dfabd5251dab7b,9500,2022-07-19T08:39:34.525299Z
5db02e5d401d690c836b9ead,3000,2022-07-19T08:46:08.700193Z
5db02e5d401d690c836b9ead,7000,2022-07-19T14:27:03.250907Z
5db02e5d401d690c836b9ead,3000,2022-07-19T15:13:57.408679Z
5db02e5d401d690c836b9ead,2000,2022-07-19T16:03:43.543316Z
5db02e5d401d690c836b9ead,7000,2022-07-19T16:38:26.911146Z
5db02e5d401d690c836b9ead,3000,2022-07-20T11:33:35.155436Z
5d78a7e552dfabd5251dab7b,4000,2022-07-20T12:11:12.747952Z
5db02e5d401d690c836b9ead,7000,2022-07-20T13:22:53.683108Z
5d78a7e552dfabd5251dab7b,9500,2022-07-20T14:56:44.512358Z
5d78a7e552dfabd5251dab7b,4000,2022-07-20T16:43:56.841892Z
5d78a7e552dfabd5251dab7b,9500,2022-07-20T17:02:25.249157Z
5d78a7e552dfabd5251dab7b,4000,2022-07-20T17:48:31.246512Z
5d78a7e552dfabd5251dab7b,9500,2022-07-20T18:07:26.147123Z
5cc1b60b034adf90cd8f14dd,3500,2022-07-20T18:31:10.971076Z
5cc1b60b034adf90cd8f14dd,8500,2022-07-20T18:38:38.121113Z
5cc1b60b034adf90cd8f14dd,9500,2022-07-20T18:41:19.713218Z
5db02e5d401d690c836b9ead,3000,2022-07-21T08:31:00.086239Z
5db02e5d401d690c836b9ead,7000,2022-07-21T09:29:16.914803Z
5cc1b60b034adf90cd8f14dd,3500,2022-07-21T11:42:37.368873Z
5cc1b60b034adf90cd8f14dd,9500,2022-07-21T11:44:57.056303Z
5cc1b60b034adf90cd8f14dd,3500,2022-07-21T11:45:23.169001Z
5d78a7e552dfabd5251dab7b,4000,2022-07-21T11:48:58.352739Z
5cc1b60b034adf90cd8f14dd,9500,2022-07-21T12:14:33.493815Z
5d78a7e552dfabd5251dab7b,9500,2022-07-21T13:06:31.210764Z
5db02e5d401d690c836b9ead,3000,2022-07-22T09:56:36.361031Z
5db02e5d401d690c836b9ead,2000,2022-07-22T10:42:25.16461Z
5db02e5d401d690c836b9ead,3000,2022-07-22T10:55:16.517749Z
5d78a7e552dfabd5251dab7b,4000,2022-07-22T12:21:43.939769Z
5d78a7e552dfabd5251dab7b,9500,2022-07-22T13:53:02.08031Z
5db02e5d401d690c836b9ead,7000,2022-07-22T13:53:12.096821Z
5db02e5d401d690c836b9ead,3000,2022-07-23T08:37:31.43983Z
5db02e5d401d690c836b9ead,7000,2022-07-23T09:04:08.696893Z
5d78a7e552dfabd5251dab7b,4000,2022-07-26T08:01:07.476392Z
5d78a7e552dfabd5251dab7b,9500,2022-07-26T08:16:35.562489Z
5db02e5d401d690c836b9ead,3000,2022-07-29T12:23:27.056365Z
5db02e5d401d690c836b9ead,7000,2022-07-29T13:02:25.431786Z
5db02e5d401d690c836b9ead,3000,2022-07-31T07:53:54.715312Z
5db02e5d401d690c836b9ead,7000,2022-07-31T08:41:48.37708Z
5db02e5d401d690c836b9ead,3000,2022-07-31T09:23:57.886742Z
5db02e5d401d690c836b9ead,7000,2022-07-31T10:07:44.536338Z
5cc1b60b034adf90cd8f14dd,3500,2022-07-31T11:47:55.670628Z
5cc1b60b034adf90cd8f14dd,9500,2022-07-31T11:59:16.694496Z
5db02e5d401d690c836b9ead,3000,2022-07-31T12:10:57.686388Z
5cc1b60b034adf90cd8f14dd,3500,2022-07-31T12:17:04.916315Z
5db02e5d401d690c836b9ead,2000,2022-07-31T12:36:03.129101Z
5d78a7e552dfabd5251dab7b,4000,2022-07-31T12:39:41.474265Z
5cc1b60b034adf90cd8f14dd,9500,2022-07-31T13:22:39.354348Z
5d78a7e552dfabd5251dab7b,9500,2022-07-31T13:24:33.58517Z
5cc1b60b034adf90cd8f14dd,3500,2022-07-31T13:48:46.320267Z
5cc1b60b034adf90cd8f14dd,9500,2022-07-31T13:53:38.073619Z
5db02e5d401d690c836b9ead,7000,2022-07-31T14:57:03.665353Z
5cc1b60b034adf90cd8f14dd,3500,2022-07-31T16:40:16.579524Z
5cc1b60b034adf90cd8f14dd,9500,2022-07-31T17:12:35.760841Z
5d78a7e552dfabd5251dab7b,4000,2022-08-01T10:54:59.839258Z
5cc1b60b034adf90cd8f14dd,3500,2022-08-01T11:09:32.993461Z
5d78a7e552dfabd5251dab7b,9500,2022-08-01T11:34:07.136843Z
5cc1b60b034adf90cd8f14dd,9500,2022-08-01T11:35:20.220051Z
5cc1b60b034adf90cd8f14dd,3500,2022-08-01T17:59:52.778809Z
5cc1b60b034adf90cd8f14dd,9500,2022-08-01T18:11:00.211287Z
5db02e5d401d690c836b9ead,3000,2022-08-02T08:40:41.470176Z
5db02e5d401d690c836b9ead,7000,2022-08-02T09:53:30.550369Z
5cc1b60b034adf90cd8f14dd,3500,2022-08-03T08:08:35.36665Z
5cc1b60b034adf90cd8f14dd,9500,2022-08-03T08:40:16.740415Z
5d78a7e552dfabd5251dab7b,4000,2022-08-03T09:18:29.531335Z
5d78a7e552dfabd5251dab7b,9500,2022-08-03T09:38:02.252796Z
5d78a7e552dfabd5251dab7b,4000,2022-08-04T09:07:09.925381Z
5d78a7e552dfabd5251dab7b,9500,2022-08-04T09:20:41.346333Z
5db02e5d401d690c836b9ead,3000,2022-08-05T13:08:28.929533Z
5db02e5d401d690c836b9ead,7000,2022-08-05T13:21:05.839212Z
5d78a7e552dfabd5251dab7b,4000,2022-08-06T08:00:16.996975Z
5d78a7e552dfabd5251dab7b,9500,2022-08-06T09:18:50.074738Z
5d78a7e552dfabd5251dab7b,4000,2022-08-06T09:23:35.766244Z
5d78a7e552dfabd5251dab7b,9500,2022-08-06T10:02:03.472016Z
5d78a7e552dfabd5251dab7b,4000,2022-08-06T10:33:06.544688Z
5d78a7e552dfabd5251dab7b,9500,2022-08-06T10:42:03.91101Z
5cc1b60b034adf90cd8f14dd,3500,2022-08-06T13:42:41.007449Z
5cc1b60b034adf90cd8f14dd,9500,2022-08-06T15:28:06.551898Z
5d78a7e552dfabd5251dab7b,4000,2022-08-07T07:20:31.636801Z
5d78a7e552dfabd5251dab7b,9500,2022-08-07T07:23:04.167386Z
5cc1b60b034adf90cd8f14dd,3500,2022-08-07T08:01:09.284523Z
5cc1b60b034adf90cd8f14dd,2500,2022-08-07T08:11:40.848961Z
5cc1b60b034adf90cd8f14dd,3500,2022-08-07T08:22:06.872489Z
5cc1b60b034adf90cd8f14dd,9500,2022-08-07T08:31:38.481911Z
5db02e5d401d690c836b9ead,3000,2022-08-07T09:33:58.293093Z
5db02e5d401d690c836b9ead,7000,2022-08-07T09:42:56.047903Z
5cc1b60b034adf90cd8f14dd,3500,2022-08-07T10:06:32.882056Z
5cc1b60b034adf90cd8f14dd,9500,2022-08-07T10:36:55.714137Z
5d78a7e552dfabd5251dab7b,4000,2022-08-08T08:05:43.775987Z
5d78a7e552dfabd5251dab7b,9500,2022-08-08T08:43:22.645098Z
5db02e5d401d690c836b9ead,3000,2022-08-08T09:24:52.75751Z
5db02e5d401d690c836b9ead,7000,2022-08-08T11:44:56.592173Z
5db02e5d401d690c836b9ead,3000,2022-08-09T07:21:21.884201Z
5db02e5d401d690c836b9ead,7000,2022-08-09T07:31:17.532519Z
5d78a7e552dfabd5251dab7b,4000,2022-08-09T08:28:48.688831Z
5d78a7e552dfabd5251dab7b,9500,2022-08-09T09:52:27.803472Z
5d78a7e552dfabd5251dab7b,4000,2022-08-09T10:38:20.484195Z
5d78a7e552dfabd5251dab7b,9500,2022-08-09T10:53:33.834351Z
5d78a7e552dfabd5251dab7b,4000,2022-08-10T09:05:06.657213Z
5d78a7e552dfabd5251dab7b,9500,2022-08-10T09:08:28.110431Z
5d78a7e552dfabd5251dab7b,4000,2022-08-10T10:48:46.499884Z
5d78a7e552dfabd5251dab7b,9500,2022-08-10T10:57:08.015047Z
5db02e5d401d690c836b9ead,3000,2022-08-11T13:55:11.257003Z
5db02e5d401d690c836b9ead,7000,2022-08-11T14:19:45.700206Z
5d78a7e552dfabd5251dab7b,4000,2022-08-12T07:37:37.764625Z
5d78a7e552dfabd5251dab7b,9500,2022-08-12T08:25:16.175274Z
5d78a7e552dfabd5251dab7b,4000,2022-08-12T08:55:15.408186Z
5d78a7e552dfabd5251dab7b,9500,2022-08-12T09:34:50.761147Z
5db02e5d401d690c836b9ead,2000,2022-08-12T11:43:07.034762Z
5db02e5d401d690c836b9ead,7000,2022-08-12T13:15:24.319347Z
5db02e5d401d690c836b9ead,2000,2022-08-13T07:20:46.208508Z
5cc1b60b034adf90cd8f14dd,3500,2022-08-13T07:28:25.989395Z
5d78a7e552dfabd5251dab7b,4000,2022-08-13T07:32:08.286729Z
5cc1b60b034adf90cd8f14dd,8500,2022-08-13T07:36:13.136329Z
5cc1b60b034adf90cd8f14dd,9500,2022-08-13T07:36:20.379668Z
5cc1b60b034adf90cd8f14dd,8500,2022-08-13T07:40:54.625747Z
5cc1b60b034adf90cd8f14dd,9500,2022-08-13T07:41:11.187869Z
5db02e5d401d690c836b9ead,7000,2022-08-13T08:23:02.716241Z
5db02e5d401d690c836b9ead,3000,2022-08-14T07:24:43.884458Z
5cc1b60b034adf90cd8f14dd,3500,2022-08-14T08:12:26.961185Z
5cc1b60b034adf90cd8f14dd,9500,2022-08-14T09:21:22.329543Z
5cc1b60b034adf90cd8f14dd,3500,2022-08-14T13:50:13.702553Z
5cc1b60b034adf90cd8f14dd,9500,2022-08-14T14:24:08.601715Z
5d78a7e552dfabd5251dab7b,9500,2022-08-14T17:29:40.547235Z
5d78a7e552dfabd5251dab7b,4000,2022-08-15T08:13:02.939568Z
5d78a7e552dfabd5251dab7b,9500,2022-08-15T09:34:29.288061Z
5d78a7e552dfabd5251dab7b,4000,2022-08-15T14:24:56.741015Z
5d78a7e552dfabd5251dab7b,9500,2022-08-15T14:51:50.793876Z
5d78a7e552dfabd5251dab7b,4000,2022-08-16T08:14:50.967029Z
5d78a7e552dfabd5251dab7b,9500,2022-08-16T08:29:16.053214Z
5d78a7e552dfabd5251dab7b,4000,2022-08-16T08:59:41.767286Z
5d78a7e552dfabd5251dab7b,9500,2022-08-16T10:09:19.777394Z
5d78a7e552dfabd5251dab7b,4000,2022-08-17T07:45:09.355505Z
5d78a7e552dfabd5251dab7b,9500,2022-08-17T08:37:15.848526Z
5cc1b60b034adf90cd8f14dd,3500,2022-08-17T09:26:25.49495Z
5cc1b60b034adf90cd8f14dd,9500,2022-08-17T09:52:35.089397Z
5db02e5d401d690c836b9ead,2000,2022-08-17T10:39:20.184848Z
5db02e5d401d690c836b9ead,7000,2022-08-17T11:06:31.512559Z
5d78a7e552dfabd5251dab7b,4000,2022-08-17T12:39:29.169766Z
5db02e5d401d690c836b9ead,3000,2022-08-18T10:28:31.205101Z
5db02e5d401d690c836b9ead,7000,2022-08-18T10:38:46.553877Z
5d78a7e552dfabd5251dab7b,9500,2022-08-18T17:40:33.829277Z
5d78a7e552dfabd5251dab7b,4000,2022-08-19T12:21:34.438504Z
5d78a7e552dfabd5251dab7b,9500,2022-08-19T12:31:14.521012Z
5cc1b60b034adf90cd8f14dd,3500,2022-08-21T08:35:35.220435Z
5d78a7e552dfabd5251dab7b,4000,2022-08-21T12:45:18.475276Z
5d78a7e552dfabd5251dab7b,9500,2022-08-22T09:53:20.616146Z
5cc1b60b034adf90cd8f14dd,9500,2022-08-24T09:03:08.378541Z
5d78a7e552dfabd5251dab7b,4000,2022-08-25T13:26:43.905161Z
5d78a7e552dfabd5251dab7b,9500,2022-08-25T14:22:28.39736Z
5d78a7e552dfabd5251dab7b,4000,2022-08-27T07:54:03.922232Z
5d78a7e552dfabd5251dab7b,9500,2022-08-27T08:32:53.99456Z
5db02e5d401d690c836b9ead,3000,2022-08-27T10:04:53.631645Z
5db02e5d401d690c836b9ead,7000,2022-08-27T10:35:59.149105Z
5d78a7e552dfabd5251dab7b,4000,2022-08-30T08:07:49.127819Z
5d78a7e552dfabd5251dab7b,9500,2022-08-30T08:45:44.438277Z
5db02e5d401d690c836b9ead,3500,2022-08-30T09:17:42.664814Z
5db02e5d401d690c836b9ead,3000,2022-08-30T09:17:47.457289Z
5db02e5d401d690c836b9ead,7000,2022-08-30T11:45:39.400914Z
5d78a7e552dfabd5251dab7b,3500,2022-08-30T14:26:59.069566Z
5d78a7e552dfabd5251dab7b,9500,2022-08-30T17:15:18.553746Z
5d78a7e552dfabd5251dab7b,4000,2022-08-31T10:43:05.584633Z
5d78a7e552dfabd5251dab7b,9500,2022-08-31T10:48:39.686683Z
5d78a7e552dfabd5251dab7b,4000,2022-09-01T08:38:46.948783Z
5d78a7e552dfabd5251dab7b,9500,2022-09-01T08:56:11.719392Z
5d78a7e552dfabd5251dab7b,4000,2022-09-01T10:53:18.066339Z
5d78a7e552dfabd5251dab7b,9500,2022-09-01T12:28:56.918047Z
5db02e5d401d690c836b9ead,3000,2022-09-02T07:15:25.816053Z
5db02e5d401d690c836b9ead,7000,2022-09-02T07:18:40.516145Z
5d78a7e552dfabd5251dab7b,4000,2022-09-02T13:43:47.107516Z
5d78a7e552dfabd5251dab7b,9500,2022-09-02T14:12:38.884324Z
5db02e5d401d690c836b9ead,3000,2022-09-07T08:55:45.76962Z
5db02e5d401d690c836b9ead,7000,2022-09-07T09:33:57.302575Z
5d78a7e552dfabd5251dab7b,4000,2022-09-08T07:44:43.799734Z
5d78a7e552dfabd5251dab7b,9500,2022-09-08T07:47:09.475305Z
5d78a7e552dfabd5251dab7b,4000,2022-09-08T11:26:28.677538Z
5d78a7e552dfabd5251dab7b,3000,2022-09-08T11:36:43.55494Z
5d78a7e552dfabd5251dab7b,2000,2022-09-08T11:37:09.799943Z
5d78a7e552dfabd5251dab7b,9500,2022-09-08T12:27:03.048907Z
5db02e5d401d690c836b9ead,3000,2022-09-10T15:22:23.268364Z
5db02e5d401d690c836b9ead,7000,2022-09-10T15:54:21.787063Z
5cc1b60b034adf90cd8f14dd,3500,2022-09-10T18:41:01.431998Z
5cc1b60b034adf90cd8f14dd,9500,2022-09-10T19:01:39.092067Z
5d78a7e552dfabd5251dab7b,4000,2022-09-12T07:24:07.677145Z
5d78a7e552dfabd5251dab7b,9500,2022-09-12T07:36:12.096997Z
5d78a7e552dfabd5251dab7b,4000,2022-09-12T08:36:34.338802Z
5d78a7e552dfabd5251dab7b,9500,2022-09-12T08:51:30.181571Z
5d78a7e552dfabd5251dab7b,4000,2022-09-12T15:38:15.180554Z
5d78a7e552dfabd5251dab7b,9500,2022-09-12T15:46:31.218036Z
5d78a7e552dfabd5251dab7b,4000,2022-09-13T16:42:26.42425Z
5d78a7e552dfabd5251dab7b,9500,2022-09-13T17:14:42.830937Z
5cc1b60b034adf90cd8f14dd,3500,2022-09-16T08:44:26.759231Z
5cc1b60b034adf90cd8f14dd,9500,2022-09-16T09:05:16.256947Z
5db02e5d401d690c836b9ead,3000,2022-09-16T14:10:40.111321Z
5db02e5d401d690c836b9ead,7000,2022-09-16T14:51:30.9238Z
5d78a7e552dfabd5251dab7b,4000,2022-09-17T07:28:47.384829Z
5d78a7e552dfabd5251dab7b,9500,2022-09-17T07:38:41.571313Z
5cc1b60b034adf90cd8f14dd,3500,2022-09-17T09:14:29.811317Z
5cc1b60b034adf90cd8f14dd,9500,2022-09-17T10:50:21.917472Z
5db02e5d401d690c836b9ead,3000,2022-09-17T12:44:57.675461Z
5db02e5d401d690c836b9ead,7000,2022-09-17T13:24:36.528869Z
5db02e5d401d690c836b9ead,3000,2022-09-17T14:23:46.467154Z
5db02e5d401d690c836b9ead,7000,2022-09-17T14:53:37.087335Z
5db02e5d401d690c836b9ead,3000,2022-09-17T15:33:35.496898Z
5db02e5d401d690c836b9ead,7000,2022-09-17T15:52:51.631397Z
5d78a7e552dfabd5251dab7b,3000,2022-09-18T07:23:28.234836Z
5d78a7e552dfabd5251dab7b,9500,2022-09-18T07:37:09.420452Z
5d78a7e552dfabd5251dab7b,4000,2022-09-18T07:39:43.777609Z
5d78a7e552dfabd5251dab7b,9500,2022-09-18T07:40:09.203904Z
5d78a7e552dfabd5251dab7b,4000,2022-09-18T14:33:47.298038Z
5d78a7e552dfabd5251dab7b,9500,2022-09-19T10:23:07.277647Z
5d78a7e552dfabd5251dab7b,4000,2022-09-21T08:14:57.446468Z
5d78a7e552dfabd5251dab7b,9500,2022-09-21T08:29:22.068563Z
5d78a7e552dfabd5251dab7b,4000,2022-09-21T09:39:29.33715Z
5d78a7e552dfabd5251dab7b,9500,2022-09-21T10:02:34.306084Z
5d78a7e552dfabd5251dab7b,4000,2022-09-21T10:19:59.20048Z
5d78a7e552dfabd5251dab7b,9500,2022-09-21T14:18:08.948279Z
5d78a7e552dfabd5251dab7b,4000,2022-09-22T08:15:29.245431Z
5d78a7e552dfabd5251dab7b,9500,2022-09-22T08:45:19.967146Z
5d78a7e552dfabd5251dab7b,4000,2022-09-22T16:01:40.480899Z
5d78a7e552dfabd5251dab7b,9500,2022-09-22T16:21:35.020506Z
5d78a7e552dfabd5251dab7b,4000,2022-09-23T11:55:57.8529Z
5d78a7e552dfabd5251dab7b,9500,2022-09-23T12:42:52.884633Z
5d78a7e552dfabd5251dab7b,4000,2022-09-24T07:37:11.079848Z
5d78a7e552dfabd5251dab7b,9500,2022-09-24T08:09:04.180206Z
5d78a7e552dfabd5251dab7b,4000,2022-09-24T08:23:37.643893Z
5d78a7e552dfabd5251dab7b,9500,2022-09-24T08:42:11.736419Z
5d78a7e552dfabd5251dab7b,4000,2022-09-25T07:17:54.374496Z
5d78a7e552dfabd5251dab7b,9500,2022-09-25T07:20:46.274959Z
5d78a7e552dfabd5251dab7b,4000,2022-09-26T13:47:19.406064Z
5d78a7e552dfabd5251dab7b,9500,2022-09-26T14:09:29.743155Z
5d78a7e552dfabd5251dab7b,4000,2022-09-28T07:39:15.492811Z
5d78a7e552dfabd5251dab7b,9500,2022-09-28T12:38:07.999118Z
5d78a7e552dfabd5251dab7b,4000,2022-09-29T07:44:37.013097Z
5cc1b60b034adf90cd8f14dd,3500,2022-09-29T07:45:51.236752Z
5db02e5d401d690c836b9ead,3000,2022-09-30T09:36:02.932242Z
5db02e5d401d690c836b9ead,7000,2022-09-30T11:11:35.070597Z
5d78a7e552dfabd5251dab7b,9500,2022-09-30T17:21:39.763877Z
5d78a7e552dfabd5251dab7b,4000,2022-10-01T08:28:13.766231Z
5d78a7e552dfabd5251dab7b,9500,2022-10-01T09:33:30.695433Z
5d78a7e552dfabd5251dab7b,4000,2022-10-01T10:01:38.975052Z
5d78a7e552dfabd5251dab7b,9500,2022-10-01T10:57:39.295999Z
5db02e5d401d690c836b9ead,3000,2022-10-01T11:06:04.637275Z
5db02e5d401d690c836b9ead,7000,2022-10-01T11:35:18.490357Z
5d78a7e552dfabd5251dab7b,4000,2022-10-01T12:32:01.768791Z
5db02e5d401d690c836b9ead,3000,2022-10-01T13:30:06.167324Z
5db02e5d401d690c836b9ead,7000,2022-10-01T13:53:28.932623Z
5d78a7e552dfabd5251dab7b,9500,2022-10-02T09:24:33.35664Z
5d78a7e552dfabd5251dab7b,3500,2022-10-02T11:53:59.057234Z
5d78a7e552dfabd5251dab7b,9500,2022-10-02T14:15:14.925191Z
5d78a7e552dfabd5251dab7b,4000,2022-10-03T11:10:00.337892Z
5d78a7e552dfabd5251dab7b,9500,2022-10-03T11:17:05.805122Z
5d78a7e552dfabd5251dab7b,4000,2022-10-03T11:29:35.154091Z
5d78a7e552dfabd5251dab7b,9500,2022-10-03T12:00:09.302165Z
5cc1b60b034adf90cd8f14dd,9500,2022-10-04T08:28:40.855675Z
5d78a7e552dfabd5251dab7b,4000,2022-10-04T09:30:31.256992Z
5d78a7e552dfabd5251dab7b,9500,2022-10-04T10:16:38.157184Z
5d78a7e552dfabd5251dab7b,4000,2022-10-04T12:34:59.577372Z
5d78a7e552dfabd5251dab7b,9500,2022-10-04T12:36:33.287679Z
5db02e5d401d690c836b9ead,3000,2022-10-06T07:51:34.08322Z
5db02e5d401d690c836b9ead,7000,2022-10-06T08:07:26.595252Z
5d78a7e552dfabd5251dab7b,4000,2022-10-07T07:14:38.457748Z
5d78a7e552dfabd5251dab7b,9500,2022-10-07T07:18:09.370965Z
5d78a7e552dfabd5251dab7b,4000,2022-10-07T07:33:28.506775Z
5d78a7e552dfabd5251dab7b,9500,2022-10-07T07:51:36.348445Z
5d78a7e552dfabd5251dab7b,4000,2022-10-08T10:11:50.685453Z
5d78a7e552dfabd5251dab7b,9500,2022-10-08T10:32:00.37539Z
5cc1b60b034adf90cd8f14dd,3000,2022-10-09T08:33:55.554568Z
5cc1b60b034adf90cd8f14dd,9500,2022-10-09T08:42:50.452396Z
5d78a7e552dfabd5251dab7b,4000,2022-10-10T10:23:00.578665Z
5d78a7e552dfabd5251dab7b,9500,2022-10-10T10:33:31.537638Z
5d78a7e552dfabd5251dab7b,4000,2022-10-11T08:21:17.564326Z
5d78a7e552dfabd5251dab7b,2000,2022-10-11T09:27:51.025202Z
5d78a7e552dfabd5251dab7b,9500,2022-10-11T09:54:20.600618Z
5db02e5d401d690c836b9ead,3000,2022-10-11T13:58:16.835697Z
5d78a7e552dfabd5251dab7b,4000,2022-10-11T14:26:52.307173Z
5d78a7e552dfabd5251dab7b,9500,2022-10-11T14:33:21.393427Z
5db02e5d401d690c836b9ead,7000,2022-10-11T15:33:18.730278Z
5d78a7e552dfabd5251dab7b,4000,2022-10-12T07:57:24.552266Z
5d78a7e552dfabd5251dab7b,3000,2022-10-12T08:13:50.816943Z
5d78a7e552dfabd5251dab7b,9500,2022-10-12T08:19:09.796706Z
5d78a7e552dfabd5251dab7b,4000,2022-10-12T08:20:24.585368Z
5d78a7e552dfabd5251dab7b,9500,2022-10-12T08:36:53.059883Z
5d78a7e552dfabd5251dab7b,4000,2022-10-12T09:27:57.583364Z
5d78a7e552dfabd5251dab7b,9500,2022-10-12T09:30:37.27426Z
5d78a7e552dfabd5251dab7b,4000,2022-10-12T09:33:26.553679Z
5d78a7e552dfabd5251dab7b,9500,2022-10-12T09:42:06.350342Z
5db02e5d401d690c836b9ead,3000,2022-10-12T18:28:45.071813Z
5db02e5d401d690c836b9ead,7000,2022-10-12T18:44:23.247223Z
5db02e5d401d690c836b9ead,3000,2022-10-14T07:44:52.82993Z
5db02e5d401d690c836b9ead,7000,2022-10-14T08:06:00.399772Z
5d78a7e552dfabd5251dab7b,4000,2022-10-15T07:22:36.021707Z
5d78a7e552dfabd5251dab7b,9500,2022-10-15T07:40:47.56428Z
5d78a7e552dfabd5251dab7b,4000,2022-10-15T07:43:12.259778Z
5cc1b60b034adf90cd8f14dd,3500,2022-10-15T08:17:44.633595Z
5cc1b60b034adf90cd8f14dd,9500,2022-10-15T08:40:36.930349Z
5cc1b60b034adf90cd8f14dd,3500,2022-10-15T16:13:08.541254Z
5cc1b60b034adf90cd8f14dd,9500,2022-10-15T16:25:40.819347Z
5d78a7e552dfabd5251dab7b,9500,2022-10-16T08:07:43.045783Z
5cc1b60b034adf90cd8f14dd,3500,2022-10-16T08:08:50.998478Z
5cc1b60b034adf90cd8f14dd,9500,2022-10-16T08:39:05.046365Z
5d78a7e552dfabd5251dab7b,4000,2022-10-16T15:04:48.683224Z
5d78a7e552dfabd5251dab7b,9500,2022-10-16T15:27:04.38001Z
5d78a7e552dfabd5251dab7b,4000,2022-10-17T13:07:02.79353Z
5d78a7e552dfabd5251dab7b,9500,2022-10-17T13:17:38.494318Z
5d78a7e552dfabd5251dab7b,4000,2022-10-17T19:25:36.62853Z
5d78a7e552dfabd5251dab7b,9500,2022-10-17T20:31:58.095811Z
5db02e5d401d690c836b9ead,3500,2022-10-18T14:42:44.652297Z
5db02e5d401d690c836b9ead,3000,2022-10-18T14:44:04.07622Z
5db02e5d401d690c836b9ead,7000,2022-10-18T15:46:32.407783Z
5cc1b60b034adf90cd8f14dd,3500,2022-10-19T08:54:42.33587Z
5db02e5d401d690c836b9ead,3500,2022-10-19T09:21:53.020209Z
5cc1b60b034adf90cd8f14dd,9500,2022-10-19T09:24:22.419578Z
5db02e5d401d690c836b9ead,7000,2022-10-19T09:33:02.218123Z
5db02e5d401d690c836b9ead,3000,2022-10-19T09:48:48.021257Z
5db02e5d401d690c836b9ead,7000,2022-10-19T10:16:58.486398Z
5d78a7e552dfabd5251dab7b,4000,2022-10-19T14:29:18.100505Z
5d78a7e552dfabd5251dab7b,9500,2022-10-19T15:30:51.316547Z
5cc1b60b034adf90cd8f14dd,3500,2022-10-20T08:52:00.542793Z
5cc1b60b034adf90cd8f14dd,9500,2022-10-20T08:52:34.726023Z
5cc1b60b034adf90cd8f14dd,3500,2022-10-20T10:16:56.663669Z
5cc1b60b034adf90cd8f14dd,9500,2022-10-20T10:30:40.221282Z
5d78a7e552dfabd5251dab7b,4000,2022-10-21T07:52:02.468534Z
5db02e5d401d690c836b9ead,3000,2022-10-21T08:17:03.862852Z
5db02e5d401d690c836b9ead,7000,2022-10-21T09:25:11.363839Z
5d78a7e552dfabd5251dab7b,9500,2022-10-21T09:26:41.699631Z
5db02e5d401d690c836b9ead,3000,2022-10-21T14:06:38.089842Z
5db02e5d401d690c836b9ead,7000,2022-10-21T15:25:04.643131Z
5db02e5d401d690c836b9ead,3000,2022-10-22T07:57:14.237933Z
5db02e5d401d690c836b9ead,7000,2022-10-22T08:24:03.138439Z
5cc1b60b034adf90cd8f14dd,3500,2022-10-22T09:38:05.66563Z
5cc1b60b034adf90cd8f14dd,9500,2022-10-22T09:47:17.891111Z
5cc1b60b034adf90cd8f14dd,3500,2022-10-22T10:12:07.91699Z
5cc1b60b034adf90cd8f14dd,9500,2022-10-22T10:20:09.572161Z
5db02e5d401d690c836b9ead,3000,2022-10-22T13:27:39.008113Z
5db02e5d401d690c836b9ead,7000,2022-10-22T13:45:01.068022Z
5d78a7e552dfabd5251dab7b,4000,2022-10-23T07:54:25.518626Z
5cc1b60b034adf90cd8f14dd,3500,2022-10-23T08:22:19.318175Z
5d78a7e552dfabd5251dab7b,9500,2022-10-23T08:52:13.803141Z
5cc1b60b034adf90cd8f14dd,9500,2022-10-23T09:47:20.442693Z
5db02e5d401d690c836b9ead,3000,2022-10-23T11:31:55.643118Z
5db02e5d401d690c836b9ead,7000,2022-10-23T11:46:24.804542Z
5cc1b60b034adf90cd8f14dd,3500,2022-10-24T08:28:11.267209Z
5d78a7e552dfabd5251dab7b,4000,2022-10-24T16:20:35.378524Z
5d78a7e552dfabd5251dab7b,9500,2022-10-24T16:37:07.487484Z
5d78a7e552dfabd5251dab7b,4000,2022-10-25T11:37:29.348113Z
5d78a7e552dfabd5251dab7b,9500,2022-10-25T11:43:39.560733Z
5d78a7e552dfabd5251dab7b,4000,2022-10-25T11:44:42.542396Z
5d78a7e552dfabd5251dab7b,9500,2022-10-25T11:47:55.875162Z
5d78a7e552dfabd5251dab7b,4000,2022-10-25T11:52:15.914013Z
5d78a7e552dfabd5251dab7b,9500,2022-10-25T11:56:14.411749Z
5d78a7e552dfabd5251dab7b,3500,2022-10-26T08:17:27.124339Z
5d78a7e552dfabd5251dab7b,9500,2022-10-26T08:30:19.243356Z
5db02e5d401d690c836b9ead,3000,2022-10-26T08:32:42.616427Z
5db02e5d401d690c836b9ead,7000,2022-10-26T08:51:48.796782Z
5d78a7e552dfabd5251dab7b,4000,2022-10-27T09:12:55.020561Z
5d78a7e552dfabd5251dab7b,9500,2022-10-27T09:24:53.170721Z
5db02e5d401d690c836b9ead,3500,2022-10-28T09:16:06.911166Z
5db02e5d401d690c836b9ead,3000,2022-10-28T09:16:16.53939Z
5db02e5d401d690c836b9ead,7000,2022-10-28T09:31:24.557234Z
5d78a7e552dfabd5251dab7b,4000,2022-10-29T10:43:30.919065Z
5d78a7e552dfabd5251dab7b,9500,2022-10-29T11:25:59.674495Z
5d78a7e552dfabd5251dab7b,4000,2022-10-29T13:43:49.328853Z
5db02e5d401d690c836b9ead,3000,2022-10-30T09:24:24.747487Z
5db02e5d401d690c836b9ead,7000,2022-10-30T10:00:26.129461Z
5db02e5d401d690c836b9ead,3000,2022-10-30T14:57:47.829993Z
5cc1b60b034adf90cd8f14dd,9500,2022-10-30T15:59:17.592472Z
5db02e5d401d690c836b9ead,7000,2022-10-30T15:59:46.886968Z
5db02e5d401d690c836b9ead,3000,2022-10-31T13:41:26.757085Z
5db02e5d401d690c836b9ead,7000,2022-10-31T14:46:40.999855Z
5db02e5d401d690c836b9ead,3500,2022-10-31T16:36:21.527139Z
5db02e5d401d690c836b9ead,7000,2022-10-31T17:38:01.028264Z
5cc1b60b034adf90cd8f14dd,3500,2022-11-01T09:14:29.648457Z
5db02e5d401d690c836b9ead,3000,2022-11-01T09:14:50.156196Z
5cc1b60b034adf90cd8f14dd,9500,2022-11-01T09:46:55.996627Z
5db02e5d401d690c836b9ead,7000,2022-11-01T09:47:15.038406Z
5cc1b60b034adf90cd8f14dd,3500,2022-11-01T11:29:09.347246Z
5cc1b60b034adf90cd8f14dd,9500,2022-11-01T12:39:36.626408Z
5d78a7e552dfabd5251dab7b,9500,2022-11-01T16:32:15.414895Z
5cc1b60b034adf90cd8f14dd,3500,2022-11-02T08:32:39.597299Z
5db02e5d401d690c836b9ead,3000,2022-11-02T08:34:09.577713Z
5d78a7e552dfabd5251dab7b,4000,2022-11-02T08:41:48.509285Z
5d78a7e552dfabd5251dab7b,9500,2022-11-02T08:50:11.505055Z
5cc1b60b034adf90cd8f14dd,9500,2022-11-02T09:10:53.507301Z
5db02e5d401d690c836b9ead,7000,2022-11-02T09:27:59.582749Z
5cc1b60b034adf90cd8f14dd,3500,2022-11-02T10:35:59.528762Z
5d78a7e552dfabd5251dab7b,4000,2022-11-02T10:53:21.935294Z
5d78a7e552dfabd5251dab7b,9500,2022-11-02T11:39:38.531609Z
5d78a7e552dfabd5251dab7b,3000,2022-11-03T09:14:19.457129Z
5d78a7e552dfabd5251dab7b,4000,2022-11-03T09:14:34.085946Z
5d78a7e552dfabd5251dab7b,9500,2022-11-03T09:38:14.073191Z
5d78a7e552dfabd5251dab7b,4000,2022-11-04T08:32:08.923998Z
5cc1b60b034adf90cd8f14dd,9500,2022-11-04T08:32:37.351234Z
5d78a7e552dfabd5251dab7b,9500,2022-11-04T08:41:07.282391Z
5cc1b60b034adf90cd8f14dd,3500,2022-11-04T13:36:25.819855Z
5cc1b60b034adf90cd8f14dd,9500,2022-11-04T13:42:43.049654Z
5db02e5d401d690c836b9ead,3000,2022-11-06T09:25:15.136151Z
5db02e5d401d690c836b9ead,7000,2022-11-06T09:43:25.976402Z
5db02e5d401d690c836b9ead,3000,2022-11-08T14:09:49.516792Z
5db02e5d401d690c836b9ead,7000,2022-11-08T14:15:45.758384Z
5db02e5d401d690c836b9ead,3000,2022-11-11T08:50:53.575468Z
5db02e5d401d690c836b9ead,7000,2022-11-11T09:01:20.855247Z
5d78a7e552dfabd5251dab7b,4000,2022-11-11T09:02:01.432447Z
5db02e5d401d690c836b9ead,3000,2022-11-11T09:14:23.959536Z
5d78a7e552dfabd5251dab7b,9500,2022-11-11T09:20:57.220652Z
5db02e5d401d690c836b9ead,7000,2022-11-11T09:32:29.852043Z
5d78a7e552dfabd5251dab7b,4000,2022-11-11T13:45:35.513133Z
5d78a7e552dfabd5251dab7b,9500,2022-11-11T13:49:53.880542Z
5db02e5d401d690c836b9ead,3000,2022-11-11T13:50:08.530095Z
5db02e5d401d690c836b9ead,7000,2022-11-11T14:11:24.775367Z
5d78a7e552dfabd5251dab7b,3000,2022-11-12T08:16:28.866768Z
5d78a7e552dfabd5251dab7b,9500,2022-11-12T08:27:44.651792Z
5d78a7e552dfabd5251dab7b,3000,2022-11-12T08:45:33.406064Z
5d78a7e552dfabd5251dab7b,9500,2022-11-12T09:25:06.866519Z
5d78a7e552dfabd5251dab7b,3000,2022-11-13T08:18:29.626274Z
5d78a7e552dfabd5251dab7b,9500,2022-11-13T08:54:39.884713Z
5db02e5d401d690c836b9ead,3000,2022-11-13T13:46:58.512829Z
5db02e5d401d690c836b9ead,7000,2022-11-13T14:55:49.15607Z
5d78a7e552dfabd5251dab7b,3000,2022-11-15T09:28:00.723149Z
5d78a7e552dfabd5251dab7b,9500,2022-11-15T09:37:29.963407Z
5d78a7e552dfabd5251dab7b,3000,2022-11-15T10:52:40.955017Z
5d78a7e552dfabd5251dab7b,9500,2022-11-15T10:58:29.738059Z
5db02e5d401d690c836b9ead,3000,2022-11-16T09:18:32.475108Z
5d78a7e552dfabd5251dab7b,4000,2022-11-16T09:29:16.49554Z
5db02e5d401d690c836b9ead,7000,2022-11-16T09:30:06.323422Z
5d78a7e552dfabd5251dab7b,9500,2022-11-16T09:50:32.198971Z
5db02e5d401d690c836b9ead,3000,2022-11-16T10:22:01.90549Z
5db02e5d401d690c836b9ead,7000,2022-11-16T11:26:04.10653Z
5db02e5d401d690c836b9ead,3500,2022-11-17T08:48:43.071141Z
5db02e5d401d690c836b9ead,7000,2022-11-17T09:58:40.136765Z
5db02e5d401d690c836b9ead,3000,2022-11-17T11:08:33.892305Z
5db02e5d401d690c836b9ead,7000,2022-11-17T11:10:35.97355Z
5d78a7e552dfabd5251dab7b,3000,2022-11-18T08:24:27.482681Z
5d78a7e552dfabd5251dab7b,9500,2022-11-18T09:20:55.554636Z
5db02e5d401d690c836b9ead,3000,2022-11-19T08:26:32.528384Z
5db02e5d401d690c836b9ead,2000,2022-11-19T09:43:31.971128Z
5db02e5d401d690c836b9ead,2500,2022-11-19T09:44:01.585284Z
5db02e5d401d690c836b9ead,3000,2022-11-19T09:44:37.630027Z
5db02e5d401d690c836b9ead,7000,2022-11-19T10:55:33.306018Z
5db02e5d401d690c836b9ead,3000,2022-11-19T11:13:15.502747Z
5db02e5d401d690c836b9ead,7000,2022-11-19T11:29:19.778292Z
5db02e5d401d690c836b9ead,3000,2022-11-19T19:03:47.761227Z
5db02e5d401d690c836b9ead,7000,2022-11-19T19:07:04.922626Z
5db02e5d401d690c836b9ead,3000,2022-11-19T19:13:52.652875Z
5db02e5d401d690c836b9ead,7000,2022-11-19T20:12:34.277842Z
5db02e5d401d690c836b9ead,3000,2022-11-20T12:19:56.844829Z
5db02e5d401d690c836b9ead,7000,2022-11-20T12:43:18.861421Z
5cc1b60b034adf90cd8f14dd,3000,2022-11-20T13:13:50.889722Z
5db02e5d401d690c836b9ead,3000,2022-11-20T13:34:41.01617Z
5cc1b60b034adf90cd8f14dd,9500,2022-11-20T14:03:38.483821Z
5db02e5d401d690c836b9ead,7000,2022-11-20T14:06:36.724326Z
5db02e5d401d690c836b9ead,3000,2022-11-20T15:11:40.608387Z
5cc1b60b034adf90cd8f14dd,3500,2022-11-20T15:21:23.028684Z
5cc1b60b034adf90cd8f14dd,9500,2022-11-20T16:05:50.185867Z
5db02e5d401d690c836b9ead,7000,2022-11-20T16:12:06.715026Z
5db02e5d401d690c836b9ead,3000,2022-11-20T16:47:03.673693Z
5db02e5d401d690c836b9ead,7000,2022-11-20T16:48:17.829506Z
5db02e5d401d690c836b9ead,3000,2022-11-20T16:52:19.096284Z
5db02e5d401d690c836b9ead,2000,2022-11-20T17:24:03.461193Z
5db02e5d401d690c836b9ead,7000,2022-11-20T18:01:37.243968Z
5db02e5d401d690c836b9ead,3000,2022-11-21T08:40:05.013753Z
5db02e5d401d690c836b9ead,7000,2022-11-21T09:01:07.900887Z
5db02e5d401d690c836b9ead,3000,2022-11-21T09:16:38.063033Z
5db02e5d401d690c836b9ead,7000,2022-11-21T09:38:15.306168Z
5db02e5d401d690c836b9ead,3000,2022-11-22T09:29:09.705863Z
5db02e5d401d690c836b9ead,7000,2022-11-22T09:49:26.557298Z
5db02e5d401d690c836b9ead,3000,2022-11-23T09:29:19.260117Z
5db02e5d401d690c836b9ead,7000,2022-11-23T09:55:38.480936Z
5cc1b60b034adf90cd8f14dd,3500,2022-11-23T19:30:29.923595Z
5cc1b60b034adf90cd8f14dd,9500,2022-11-23T20:14:37.7886Z
5cc1b60b034adf90cd8f14dd,3500,2022-11-25T09:12:43.051747Z
5cc1b60b034adf90cd8f14dd,9500,2022-11-25T09:43:49.460395Z
5cc1b60b034adf90cd8f14dd,3000,2022-11-25T12:29:15.845723Z
5cc1b60b034adf90cd8f14dd,9500,2022-11-25T12:48:57.774859Z
5cc1b60b034adf90cd8f14dd,3000,2022-11-25T14:43:51.269441Z
5cc1b60b034adf90cd8f14dd,9500,2022-11-25T14:50:38.591591Z
5cc1b60b034adf90cd8f14dd,3000,2022-11-26T09:21:01.802584Z
5cc1b60b034adf90cd8f14dd,3500,2022-11-26T10:42:52.761588Z
5cc1b60b034adf90cd8f14dd,9500,2022-11-26T10:52:43.881391Z
5cc1b60b034adf90cd8f14dd,3500,2022-11-26T12:21:13.106515Z
5cc1b60b034adf90cd8f14dd,9500,2022-11-26T12:29:16.542868Z
5cc1b60b034adf90cd8f14dd,3500,2022-11-27T10:00:29.898754Z
5cc1b60b034adf90cd8f14dd,9500,2022-11-27T10:25:06.664509Z
5d78a7e552dfabd5251dab7b,3500,2022-11-28T14:25:32.086914Z
5d78a7e552dfabd5251dab7b,9500,2022-11-28T15:06:42.535154Z
5cc1b60b034adf90cd8f14dd,3000,2022-11-29T09:12:28.312791Z
5db02e5d401d690c836b9ead,3000,2022-11-29T09:23:29.803413Z
5cc1b60b034adf90cd8f14dd,9500,2022-11-29T09:28:34.612034Z
5cc1b60b034adf90cd8f14dd,3000,2022-11-29T09:37:41.694855Z
5db02e5d401d690c836b9ead,7000,2022-11-29T09:39:30.547199Z
5cc1b60b034adf90cd8f14dd,9500,2022-11-29T09:45:50.182614Z
5cc1b60b034adf90cd8f14dd,3500,2022-11-29T12:26:30.122732Z
5cc1b60b034adf90cd8f14dd,3000,2022-11-29T12:29:15.73187Z
5cc1b60b034adf90cd8f14dd,9500,2022-11-29T14:13:12.169746Z
5cc1b60b034adf90cd8f14dd,3500,2022-11-30T10:04:13.645195Z
5cc1b60b034adf90cd8f14dd,9500,2022-11-30T10:34:13.355106Z
5cc1b60b034adf90cd8f14dd,3500,2022-11-30T13:06:03.406092Z
5cc1b60b034adf90cd8f14dd,9500,2022-11-30T14:06:23.863729Z
5cc1b60b034adf90cd8f14dd,3500,2022-11-30T16:28:58.665599Z
5cc1b60b034adf90cd8f14dd,9500,2022-11-30T16:42:32.797112Z
5d78a7e552dfabd5251dab7b,4000,2022-12-01T14:23:19.57003Z
5d78a7e552dfabd5251dab7b,9500,2022-12-01T14:28:42.069168Z
5db02e5d401d690c836b9ead,3000,2022-12-02T08:58:58.995331Z
5cc1b60b034adf90cd8f14dd,3500,2022-12-02T08:59:48.561573Z
5db02e5d401d690c836b9ead,7000,2022-12-02T09:21:20.744547Z
5cc1b60b034adf90cd8f14dd,9500,2022-12-02T10:05:34.228522Z
5cc1b60b034adf90cd8f14dd,3500,2022-12-02T10:28:16.800349Z
5cc1b60b034adf90cd8f14dd,9500,2022-12-02T10:54:52.319919Z
5cc1b60b034adf90cd8f14dd,3500,2022-12-02T11:14:20.131428Z
5cc1b60b034adf90cd8f14dd,9500,2022-12-02T11:55:36.06403Z
5cc1b60b034adf90cd8f14dd,3500,2022-12-02T13:11:32.509873Z
5cc1b60b034adf90cd8f14dd,9500,2022-12-02T13:18:13.490408Z
5cc1b60b034adf90cd8f14dd,3500,2022-12-02T13:39:47.660566Z
5cc1b60b034adf90cd8f14dd,9500,2022-12-02T13:56:24.207276Z
5cc1b60b034adf90cd8f14dd,3500,2022-12-03T13:27:28.057998Z
5cc1b60b034adf90cd8f14dd,9500,2022-12-03T14:13:21.400339Z
5cc1b60b034adf90cd8f14dd,3500,2022-12-03T15:09:40.251286Z
5cc1b60b034adf90cd8f14dd,9500,2022-12-03T15:58:24.228844Z
5cc1b60b034adf90cd8f14dd,3500,2022-12-04T08:49:53.224004Z
5db02e5d401d690c836b9ead,3000,2022-12-04T08:50:15.906456Z
5cc1b60b034adf90cd8f14dd,9500,2022-12-04T09:56:55.897773Z
5db02e5d401d690c836b9ead,7000,2022-12-04T09:57:32.057745Z
5cc1b60b034adf90cd8f14dd,3500,2022-12-04T13:35:50.347344Z
5cc1b60b034adf90cd8f14dd,9500,2022-12-04T14:12:18.844256Z
5cc1b60b034adf90cd8f14dd,3500,2022-12-04T14:53:41.555407Z
5cc1b60b034adf90cd8f14dd,9500,2022-12-04T15:34:13.427348Z
5cc1b60b034adf90cd8f14dd,3000,2022-12-04T15:45:44.545714Z
5d78a7e552dfabd5251dab7b,4000,2022-12-04T17:02:47.581156Z
5d78a7e552dfabd5251dab7b,9500,2022-12-04T17:48:42.898489Z
5cc1b60b034adf90cd8f14dd,9000,2022-12-04T19:47:42.671054Z
5cc1b60b034adf90cd8f14dd,9500,2022-12-04T20:28:28.577498Z
5cc1b60b034adf90cd8f14dd,4000,2022-12-05T11:14:45.352276Z
5cc1b60b034adf90cd8f14dd,9500,2022-12-05T11:24:38.12266Z
5cc1b60b034adf90cd8f14dd,4000,2022-12-05T11:40:54.621638Z
5cc1b60b034adf90cd8f14dd,9500,2022-12-05T11:44:57.510846Z
5cc1b60b034adf90cd8f14dd,4000,2022-12-05T11:53:20.311237Z
5cc1b60b034adf90cd8f14dd,9500,2022-12-05T12:12:59.121126Z
5cc1b60b034adf90cd8f14dd,3500,2022-12-05T14:36:52.442278Z
5cc1b60b034adf90cd8f14dd,9500,2022-12-05T15:08:36.672756Z
5cc1b60b034adf90cd8f14dd,3500,2022-12-06T14:43:31.679947Z
5cc1b60b034adf90cd8f14dd,9500,2022-12-06T15:09:03.881922Z
5cc1b60b034adf90cd8f14dd,3500,2022-12-06T16:17:56.541407Z
5cc1b60b034adf90cd8f14dd,9500,2022-12-06T16:35:06.259955Z
5db02e5d401d690c836b9ead,3000,2022-12-07T08:18:39.266572Z
5db02e5d401d690c836b9ead,7000,2022-12-07T09:46:58.993621Z
5db02e5d401d690c836b9ead,3000,2022-12-08T08:45:52.782553Z
5db02e5d401d690c836b9ead,7000,2022-12-08T09:38:03.760265Z
5cc1b60b034adf90cd8f14dd,3500,2022-12-08T14:05:56.730346Z
5cc1b60b034adf90cd8f14dd,9500,2022-12-08T14:38:02.345938Z
5cc1b60b034adf90cd8f14dd,3500,2022-12-09T09:12:31.554862Z
5cc1b60b034adf90cd8f14dd,2500,2022-12-09T09:22:17.565401Z
5cc1b60b034adf90cd8f14dd,9500,2022-12-09T09:45:33.471497Z
5cc1b60b034adf90cd8f14dd,3500,2022-12-10T09:41:03.367743Z
5cc1b60b034adf90cd8f14dd,3000,2022-12-10T09:46:55.736407Z
5cc1b60b034adf90cd8f14dd,4000,2022-12-11T09:35:56.830864Z
5cc1b60b034adf90cd8f14dd,9500,2022-12-11T09:57:01.504676Z
5cc1b60b034adf90cd8f14dd,3500,2021-12-01T12:12:41.947087Z
5cc1b60b034adf90cd8f14dd,6500,2021-12-01T12:30:09.40586Z
5cc1b60b034adf90cd8f14dd,3500,2021-12-02T13:16:21.329693Z
5cc1b60b034adf90cd8f14dd,6500,2021-12-02T13:27:00.815321Z
5d78a7e552dfabd5251dab7b,4000,2021-12-02T14:23:43.714277Z
5d78a7e552dfabd5251dab7b,7000,2021-12-02T14:55:04.229904Z
5db02e5d401d690c836b9ead,4000,2021-12-03T17:25:04.855491Z
5db02e5d401d690c836b9ead,3000,2021-12-03T17:25:27.321763Z
5db02e5d401d690c836b9ead,7000,2021-12-03T17:55:02.831916Z
5db02e5d401d690c836b9ead,3000,2021-12-05T14:51:07.289678Z
5db02e5d401d690c836b9ead,7000,2021-12-05T14:57:40.899438Z
5db02e5d401d690c836b9ead,3000,2021-12-05T15:06:15.01014Z
5db02e5d401d690c836b9ead,7000,2021-12-05T15:28:58.625024Z
5cc1b60b034adf90cd8f14dd,3500,2021-12-05T15:52:54.673552Z
5cc1b60b034adf90cd8f14dd,6500,2021-12-05T16:11:52.970808Z
5cc1b60b034adf90cd8f14dd,3500,2021-12-08T13:57:25.951153Z
5cc1b60b034adf90cd8f14dd,6500,2021-12-08T14:07:17.814469Z
5d78a7e552dfabd5251dab7b,2000,2021-12-10T12:43:31.544838Z
5d78a7e552dfabd5251dab7b,7000,2021-12-10T13:07:23.096266Z
5cc1b60b034adf90cd8f14dd,3500,2021-12-10T13:19:16.103106Z
5cc1b60b034adf90cd8f14dd,6500,2021-12-10T13:28:13.172008Z
5cc1b60b034adf90cd8f14dd,3500,2021-12-11T14:20:32.62736Z
5cc1b60b034adf90cd8f14dd,6500,2021-12-11T14:34:38.885918Z
5db02e5d401d690c836b9ead,3000,2021-12-15T12:33:12.368282Z
5db02e5d401d690c836b9ead,7000,2021-12-15T12:33:20.266398Z
5db02e5d401d690c836b9ead,3000,2021-12-15T14:16:17.232254Z
5db02e5d401d690c836b9ead,7000,2021-12-15T14:51:34.554827Z
5db02e5d401d690c836b9ead,3000,2021-12-15T15:13:24.287698Z
5db02e5d401d690c836b9ead,7000,2021-12-15T18:14:04.754116Z
5db02e5d401d690c836b9ead,4000,2021-12-16T18:04:34.28415Z
5db02e5d401d690c836b9ead,3000,2021-12-16T18:05:37.008359Z
5db02e5d401d690c836b9ead,7000,2021-12-16T19:04:27.784784Z
5d78a7e552dfabd5251dab7b,4000,2021-12-17T13:30:59.118657Z
5d78a7e552dfabd5251dab7b,7000,2021-12-17T13:45:09.187896Z
5cc1b60b034adf90cd8f14dd,3500,2021-12-18T15:56:05.822475Z
5cc1b60b034adf90cd8f14dd,6500,2021-12-18T16:44:29.036057Z
5db02e5d401d690c836b9ead,3000,2021-12-27T19:52:59.512914Z
5db02e5d401d690c836b9ead,7000,2021-12-27T20:05:17.893752Z
5cc1b60b034adf90cd8f14dd,3500,2021-12-29T14:16:19.981902Z
5cc1b60b034adf90cd8f14dd,6500,2021-12-29T14:25:36.954624Z
5cc1b60b034adf90cd8f14dd,3500,2021-12-30T12:21:37.566164Z
5cc1b60b034adf90cd8f14dd,6500,2021-12-30T12:40:45.761961Z
5db02e5d401d690c836b9ead,3000,2021-12-31T17:32:25.356634Z
5db02e5d401d690c836b9ead,7000,2021-12-31T18:01:06.825133Z
5d78a7e552dfabd5251dab7b,4000,2022-01-04T10:29:55.263841Z
5d78a7e552dfabd5251dab7b,7000,2022-01-04T10:31:32.946285Z
5db02e5d401d690c836b9ead,3000,2022-01-05T11:45:17.654904Z
5db02e5d401d690c836b9ead,7000,2022-01-05T11:50:00.153203Z
5d78a7e552dfabd5251dab7b,4000,2022-01-10T18:23:49.614899Z
5d78a7e552dfabd5251dab7b,7000,2022-01-10T18:25:06.710044Z
5d78a7e552dfabd5251dab7b,4000,2022-01-10T18:25:28.040715Z
5d78a7e552dfabd5251dab7b,7000,2022-01-10T18:26:29.87255Z
5d78a7e552dfabd5251dab7b,4000,2022-01-10T18:52:59.790832Z
5d78a7e552dfabd5251dab7b,7000,2022-01-10T20:07:03.018432Z
5d78a7e552dfabd5251dab7b,4000,2022-01-11T13:26:55.464305Z
5d78a7e552dfabd5251dab7b,7000,2022-01-11T13:36:07.324443Z
5d78a7e552dfabd5251dab7b,4000,2022-01-12T13:27:43.653742Z
5d78a7e552dfabd5251dab7b,7000,2022-01-12T13:32:48.492048Z
5d78a7e552dfabd5251dab7b,4000,2022-01-14T16:14:42.150286Z
5d78a7e552dfabd5251dab7b,7000,2022-01-14T16:28:58.16116Z
5cc1b60b034adf90cd8f14dd,3500,2022-01-15T19:46:37.995951Z
5cc1b60b034adf90cd8f14dd,6500,2022-01-15T20:05:29.049375Z
5cc1b60b034adf90cd8f14dd,3500,2022-01-16T12:31:22.778229Z
5cc1b60b034adf90cd8f14dd,6500,2022-01-16T12:50:12.562042Z
5d78a7e552dfabd5251dab7b,4000,2022-01-17T19:49:14.836753Z
5d78a7e552dfabd5251dab7b,7000,2022-01-17T19:53:25.180733Z
5cc1b60b034adf90cd8f14dd,3500,2022-01-18T20:46:41.937279Z
5cc1b60b034adf90cd8f14dd,6500,2022-01-18T20:58:55.794286Z
5cc1b60b034adf90cd8f14dd,3500,2022-01-18T21:47:23.705163Z
5cc1b60b034adf90cd8f14dd,6500,2022-01-18T22:09:48.619879Z
5d78a7e552dfabd5251dab7b,4000,2022-01-20T09:42:43.858235Z
5d78a7e552dfabd5251dab7b,7000,2022-01-20T10:02:07.162076Z
5cc1b60b034adf90cd8f14dd,3500,2022-01-20T12:08:35.026928Z
5cc1b60b034adf90cd8f14dd,6500,2022-01-20T12:18:17.598222Z
5cc1b60b034adf90cd8f14dd,3500,2022-01-20T12:35:14.559359Z
5cc1b60b034adf90cd8f14dd,6500,2022-01-20T12:42:36.099888Z
5cc1b60b034adf90cd8f14dd,3500,2022-01-20T13:48:52.285592Z
5cc1b60b034adf90cd8f14dd,6500,2022-01-20T14:04:38.063527Z
5cc1b60b034adf90cd8f14dd,3500,2022-01-20T14:10:59.529692Z
5cc1b60b034adf90cd8f14dd,6500,2022-01-20T14:21:57.892142Z
5cc1b60b034adf90cd8f14dd,3500,2022-01-20T19:42:39.321463Z
5cc1b60b034adf90cd8f14dd,6500,2022-01-20T19:59:48.435384Z
5db02e5d401d690c836b9ead,3000,2022-01-24T17:12:54.981839Z
5db02e5d401d690c836b9ead,7000,2022-01-24T17:22:52.449324Z
5db02e5d401d690c836b9ead,3000,2022-01-24T17:39:37.545093Z
5db02e5d401d690c836b9ead,7000,2022-01-24T18:40:42.361945Z
5d78a7e552dfabd5251dab7b,4000,2022-01-25T13:31:31.166927Z
5d78a7e552dfabd5251dab7b,7000,2022-01-25T14:06:17.731908Z
5d78a7e552dfabd5251dab7b,4000,2022-01-26T11:01:36.174299Z
5d78a7e552dfabd5251dab7b,7000,2022-01-26T12:20:49.971942Z
5cc1b60b034adf90cd8f14dd,3500,2022-01-27T14:56:09.197695Z
5cc1b60b034adf90cd8f14dd,6500,2022-01-27T15:01:28.481232Z
5cc1b60b034adf90cd8f14dd,3500,2022-01-27T15:47:18.895795Z
5cc1b60b034adf90cd8f14dd,6500,2022-01-27T16:25:44.955551Z
5cc1b60b034adf90cd8f14dd,3500,2022-01-28T12:07:50.093221Z
5cc1b60b034adf90cd8f14dd,6500,2022-01-28T12:16:44.989222Z
5cc1b60b034adf90cd8f14dd,3500,2022-01-29T09:39:29.867053Z
5cc1b60b034adf90cd8f14dd,6500,2022-01-29T10:36:22.983691Z
5cc1b60b034adf90cd8f14dd,3500,2022-01-29T13:42:24.302862Z
5cc1b60b034adf90cd8f14dd,6500,2022-01-29T14:21:19.322836Z
5db02e5d401d690c836b9ead,3000,2022-01-29T19:44:37.593751Z
5db02e5d401d690c836b9ead,7000,2022-01-29T20:03:19.743001Z
5db02e5d401d690c836b9ead,3000,2022-01-30T17:19:25.430386Z
5db02e5d401d690c836b9ead,7000,2022-01-30T17:37:13.838022Z
5db02e5d401d690c836b9ead,3000,2022-01-30T19:28:03.243208Z
5db02e5d401d690c836b9ead,7000,2022-01-30T19:50:25.578794Z
5db02e5d401d690c836b9ead,3000,2022-01-31T09:39:05.811875Z
5cc1b60b034adf90cd8f14dd,3500,2022-01-31T09:39:57.80637Z
5cc1b60b034adf90cd8f14dd,6500,2022-01-31T09:53:57.204711Z
5db02e5d401d690c836b9ead,7000,2022-01-31T10:42:01.911444Z
5d78a7e552dfabd5251dab7b,4000,2022-01-31T19:58:54.913376Z
5d78a7e552dfabd5251dab7b,7000,2022-01-31T20:16:05.849171Z
5cc1b60b034adf90cd8f14dd,3500,2022-01-31T21:53:35.31147Z
5cc1b60b034adf90cd8f14dd,6500,2022-01-31T22:21:18.02851Z
5db02e5d401d690c836b9ead,3000,2022-02-01T10:23:04.564137Z
5db02e5d401d690c836b9ead,7000,2022-02-01T10:44:12.924811Z
5d78a7e552dfabd5251dab7b,3500,2022-02-01T19:12:04.913353Z
5d78a7e552dfabd5251dab7b,7000,2022-02-01T19:26:00.983023Z
5cc1b60b034adf90cd8f14dd,3500,2022-02-02T12:52:34.724436Z
5cc1b60b034adf90cd8f14dd,6500,2022-02-02T13:22:57.714318Z
5d78a7e552dfabd5251dab7b,4000,2022-02-03T12:03:37.192941Z
5d78a7e552dfabd5251dab7b,7000,2022-02-03T12:11:24.984522Z
5cc1b60b034adf90cd8f14dd,3500,2022-02-03T14:40:29.793556Z
5cc1b60b034adf90cd8f14dd,6500,2022-02-03T15:13:20.763069Z
5cc1b60b034adf90cd8f14dd,3500,2022-02-03T15:21:07.906499Z
5cc1b60b034adf90cd8f14dd,6500,2022-02-03T15:35:42.861178Z
5db02e5d401d690c836b9ead,3000,2022-02-03T17:01:27.359864Z
5db02e5d401d690c836b9ead,7000,2022-02-03T17:12:59.096038Z
5cc1b60b034adf90cd8f14dd,3500,2022-02-04T12:53:25.820172Z
5cc1b60b034adf90cd8f14dd,6500,2022-02-04T13:00:43.81907Z
5cc1b60b034adf90cd8f14dd,3500,2022-02-05T14:09:04.530437Z
5cc1b60b034adf90cd8f14dd,6500,2022-02-05T14:20:41.42033Z
5db02e5d401d690c836b9ead,3000,2022-02-05T16:50:40.841745Z
5db02e5d401d690c836b9ead,7000,2022-02-05T17:15:42.850434Z
5db02e5d401d690c836b9ead,3000,2022-02-05T17:35:29.893223Z
5db02e5d401d690c836b9ead,7000,2022-02-05T17:59:16.829734Z
5db02e5d401d690c836b9ead,3000,2022-02-05T19:48:05.697493Z
5db02e5d401d690c836b9ead,7000,2022-02-05T20:28:53.259402Z
5d78a7e552dfabd5251dab7b,4000,2022-02-06T08:55:45.432245Z
5d78a7e552dfabd5251dab7b,7000,2022-02-06T10:41:07.895275Z
5d78a7e552dfabd5251dab7b,4000,2022-02-06T13:25:36.07696Z
5d78a7e552dfabd5251dab7b,7000,2022-02-06T13:33:57.839459Z
5db02e5d401d690c836b9ead,3000,2022-02-06T13:45:33.042452Z
5db02e5d401d690c836b9ead,7000,2022-02-06T14:14:40.412846Z
5cc1b60b034adf90cd8f14dd,3500,2022-02-06T14:26:42.255635Z
5cc1b60b034adf90cd8f14dd,6500,2022-02-06T15:09:08.385518Z
5cc1b60b034adf90cd8f14dd,3500,2022-02-06T18:20:26.545104Z
5cc1b60b034adf90cd8f14dd,6500,2022-02-06T18:59:07.532401Z
5db02e5d401d690c836b9ead,3000,2022-02-07T21:58:27.281565Z
5db02e5d401d690c836b9ead,7000,2022-02-07T22:26:10.706909Z
5cc1b60b034adf90cd8f14dd,3000,2022-02-08T13:40:43.30072Z
5cc1b60b034adf90cd8f14dd,6500,2022-02-08T13:57:06.338568Z
5db02e5d401d690c836b9ead,3000,2022-02-09T09:21:38.108841Z
5db02e5d401d690c836b9ead,7000,2022-02-09T10:07:15.366543Z
5db02e5d401d690c836b9ead,3000,2022-02-09T10:33:05.773726Z
5db02e5d401d690c836b9ead,7000,2022-02-09T10:49:58.494906Z
5db02e5d401d690c836b9ead,3000,2022-02-09T11:10:45.559811Z
5db02e5d401d690c836b9ead,7000,2022-02-09T11:30:35.152871Z
5db02e5d401d690c836b9ead,3000,2022-02-09T12:28:18.028265Z
5db02e5d401d690c836b9ead,7000,2022-02-09T13:11:07.532894Z
5cc1b60b034adf90cd8f14dd,3500,2022-02-09T13:57:30.096555Z
5cc1b60b034adf90cd8f14dd,6500,2022-02-09T14:15:57.655744Z
5cc1b60b034adf90cd8f14dd,3500,2022-02-10T13:55:52.092852Z
5d78a7e552dfabd5251dab7b,3000,2022-02-10T14:04:04.592006Z
5cc1b60b034adf90cd8f14dd,6500,2022-02-10T14:05:51.257645Z
5d78a7e552dfabd5251dab7b,7000,2022-02-10T14:10:34.408183Z
5cc1b60b034adf90cd8f14dd,3500,2022-02-10T14:20:17.595535Z
5cc1b60b034adf90cd8f14dd,6500,2022-02-10T15:02:18.842165Z
5cc1b60b034adf90cd8f14dd,3500,2022-02-13T16:07:39.60786Z
5cc1b60b034adf90cd8f14dd,6500,2022-02-13T16:30:15.323324Z
5cc1b60b034adf90cd8f14dd,3500,2022-02-13T16:42:06.185288Z
5cc1b60b034adf90cd8f14dd,6500,2022-02-13T17:19:06.441558Z
5cc1b60b034adf90cd8f14dd,3500,2022-02-13T17:52:21.913212Z
5cc1b60b034adf90cd8f14dd,6500,2022-02-13T17:52:39.385783Z
5cc1b60b034adf90cd8f14dd,3500,2022-02-14T13:21:20.267229Z
5cc1b60b034adf90cd8f14dd,6500,2022-02-14T13:38:51.238282Z
5cc1b60b034adf90cd8f14dd,3500,2022-02-14T14:24:23.81229Z
5cc1b60b034adf90cd8f14dd,6500,2022-02-14T14:28:48.54865Z
5cc1b60b034adf90cd8f14dd,3500,2022-02-14T15:49:36.827966Z
5cc1b60b034adf90cd8f14dd,6500,2022-02-14T17:00:38.168825Z
5db02e5d401d690c836b9ead,3000,2022-02-15T10:24:41.979504Z
5db02e5d401d690c836b9ead,7000,2022-02-15T11:17:17.240969Z
5cc1b60b034adf90cd8f14dd,3500,2022-02-21T13:31:54.713419Z
5cc1b60b034adf90cd8f14dd,6500,2022-02-21T13:52:44.848409Z
5d78a7e552dfabd5251dab7b,4000,2022-02-24T10:37:56.061809Z
5d78a7e552dfabd5251dab7b,7000,2022-02-24T10:48:46.025593Z
5d78a7e552dfabd5251dab7b,4000,2022-03-01T13:20:01.023583Z
5d78a7e552dfabd5251dab7b,7000,2022-03-01T13:56:24.414213Z
5db02e5d401d690c836b9ead,3000,2022-03-04T12:26:15.974292Z
5db02e5d401d690c836b9ead,7000,2022-03-04T12:42:34.713237Z
5d78a7e552dfabd5251dab7b,4000,2022-03-05T17:35:53.656149Z
5d78a7e552dfabd5251dab7b,7000,2022-03-05T17:56:25.182327Z
5db02e5d401d690c836b9ead,3000,2022-03-08T09:25:12.748983Z
5db02e5d401d690c836b9ead,7000,2022-03-08T09:36:08.005369Z
5d78a7e552dfabd5251dab7b,3500,2022-03-16T17:33:29.447078Z
5d78a7e552dfabd5251dab7b,7000,2022-03-16T17:50:27.744905Z
5cc1b60b034adf90cd8f14dd,3500,2022-03-17T15:10:30.519907Z
5cc1b60b034adf90cd8f14dd,6500,2022-03-17T15:44:44.871983Z
5db02e5d401d690c836b9ead,3000,2022-03-18T09:20:24.061057Z
5cc1b60b034adf90cd8f14dd,3500,2022-03-18T09:20:30.596339Z
5cc1b60b034adf90cd8f14dd,6500,2022-03-18T09:27:09.807051Z
5db02e5d401d690c836b9ead,7000,2022-03-18T09:52:24.722367Z
5db02e5d401d690c836b9ead,3000,2022-03-18T15:00:42.712676Z
5db02e5d401d690c836b9ead,7000,2022-03-18T15:11:21.147705Z
5d78a7e552dfabd5251dab7b,4000,2022-03-18T19:01:50.3208Z
5d78a7e552dfabd5251dab7b,7000,2022-03-18T19:12:55.826492Z
5d78a7e552dfabd5251dab7b,4000,2022-03-19T09:36:13.999728Z
5d78a7e552dfabd5251dab7b,7000,2022-03-19T10:02:36.225048Z
5cc1b60b034adf90cd8f14dd,3500,2022-03-19T10:23:00.063379Z
5cc1b60b034adf90cd8f14dd,6500,2022-03-19T10:30:25.071777Z
5d78a7e552dfabd5251dab7b,4000,2022-03-20T16:00:49.513264Z
5d78a7e552dfabd5251dab7b,7000,2022-03-20T16:24:54.853222Z
5db02e5d401d690c836b9ead,3000,2022-03-24T15:17:20.190778Z
5db02e5d401d690c836b9ead,7000,2022-03-24T17:02:41.478481Z
5db02e5d401d690c836b9ead,3000,2022-03-25T15:47:51.577638Z
5db02e5d401d690c836b9ead,7000,2022-03-25T16:30:13.9271Z
5db02e5d401d690c836b9ead,3000,2022-03-25T17:21:48.587948Z
5db02e5d401d690c836b9ead,7000,2022-03-25T18:36:10.82018Z
5db02e5d401d690c836b9ead,3500,2022-03-26T14:19:38.018741Z
5db02e5d401d690c836b9ead,3000,2022-03-26T14:19:47.651756Z
5db02e5d401d690c836b9ead,7000,2022-03-26T17:16:02.634714Z
5db02e5d401d690c836b9ead,3000,2022-03-27T14:23:36.745909Z
5db02e5d401d690c836b9ead,7000,2022-03-27T20:12:03.885139Z
5db02e5d401d690c836b9ead,3000,2022-03-28T13:05:44.016182Z
5db02e5d401d690c836b9ead,7000,2022-03-28T13:18:14.8917Z
5db02e5d401d690c836b9ead,3000,2022-03-29T11:46:07.302831Z
5db02e5d401d690c836b9ead,7000,2022-03-29T12:23:05.606453Z
5cc1b60b034adf90cd8f14dd,3500,2022-03-31T08:42:49.108662Z
5cc1b60b034adf90cd8f14dd,6500,2022-03-31T09:01:36.447042Z
5d78a7e552dfabd5251dab7b,3500,2022-03-31T11:39:59.716736Z
5d78a7e552dfabd5251dab7b,4000,2022-03-31T11:40:08.371745Z
5d78a7e552dfabd5251dab7b,7000,2022-03-31T12:19:09.554808Z
5d78a7e552dfabd5251dab7b,4000,2022-03-31T12:49:29.553124Z
5d78a7e552dfabd5251dab7b,7000,2022-03-31T13:08:59.854746Z
5db02e5d401d690c836b9ead,3000,2022-03-31T14:17:06.633391Z
5db02e5d401d690c836b9ead,7000,2022-03-31T16:03:20.84917Z
5db02e5d401d690c836b9ead,3500,2022-04-01T07:50:17.13115Z
5db02e5d401d690c836b9ead,3000,2022-04-01T07:50:24.263572Z
5db02e5d401d690c836b9ead,7000,2022-04-01T08:19:56.494283Z
5db02e5d401d690c836b9ead,3500,2022-04-01T09:26:28.579454Z
5db02e5d401d690c836b9ead,3000,2022-04-01T09:26:35.956031Z
5db02e5d401d690c836b9ead,7000,2022-04-01T10:18:52.934016Z
5d78a7e552dfabd5251dab7b,3500,2022-04-01T12:04:29.428218Z
5d78a7e552dfabd5251dab7b,4000,2022-04-01T12:04:54.233479Z
5d78a7e552dfabd5251dab7b,7000,2022-04-01T13:12:01.745862Z
5db02e5d401d690c836b9ead,3000,2022-04-01T13:14:39.286234Z
5db02e5d401d690c836b9ead,7000,2022-04-01T15:09:44.985552Z
5d78a7e552dfabd5251dab7b,4000,2022-04-01T17:42:44.010383Z
5d78a7e552dfabd5251dab7b,7000,2022-04-01T18:05:39.029932Z
5d78a7e552dfabd5251dab7b,4000,2022-04-02T07:48:42.339557Z
5db02e5d401d690c836b9ead,4000,2022-04-02T07:48:54.997049Z
5d78a7e552dfabd5251dab7b,7000,2022-04-02T08:25:28.493659Z
5db02e5d401d690c836b9ead,7000,2022-04-02T08:40:25.607534Z
5db02e5d401d690c836b9ead,3000,2022-04-02T09:15:56.279619Z
5d78a7e552dfabd5251dab7b,4000,2022-04-02T09:48:18.10559Z
5d78a7e552dfabd5251dab7b,7000,2022-04-02T09:57:03.605525Z
5db02e5d401d690c836b9ead,7000,2022-04-02T10:32:04.740852Z
5d78a7e552dfabd5251dab7b,4000,2022-04-02T11:26:55.440071Z
5d78a7e552dfabd5251dab7b,7000,2022-04-02T11:55:00.627946Z
5db02e5d401d690c836b9ead,3000,2022-04-02T14:07:20.842581Z
5db02e5d401d690c836b9ead,7000,2022-04-02T15:25:50.45866Z
5d78a7e552dfabd5251dab7b,4000,2022-04-02T17:16:55.963416Z
5d78a7e552dfabd5251dab7b,7000,2022-04-02T17:36:54.034309Z
5d78a7e552dfabd5251dab7b,4000,2022-04-02T17:51:48.308495Z
5d78a7e552dfabd5251dab7b,7000,2022-04-02T19:18:09.404354Z
5db02e5d401d690c836b9ead,3000,2022-04-03T13:52:10.17517Z
5db02e5d401d690c836b9ead,7000,2022-04-03T16:08:44.50529Z
5db02e5d401d690c836b9ead,3000,2022-04-05T12:12:59.924782Z
5db02e5d401d690c836b9ead,7000,2022-04-05T12:47:05.275004Z
5db02e5d401d690c836b9ead,3000,2022-04-05T13:42:53.057702Z
5db02e5d401d690c836b9ead,7000,2022-04-05T15:26:29.268949Z
5db02e5d401d690c836b9ead,3000,2022-04-05T17:24:30.25046Z
5db02e5d401d690c836b9ead,7000,2022-04-05T18:22:43.568306Z
5d78a7e552dfabd5251dab7b,4000,2022-04-07T08:12:12.193799Z
5d78a7e552dfabd5251dab7b,7000,2022-04-07T08:37:39.377252Z
5d78a7e552dfabd5251dab7b,4000,2022-04-08T12:42:22.107885Z
5d78a7e552dfabd5251dab7b,7000,2022-04-08T13:14:56.423541Z
5db02e5d401d690c836b9ead,3000,2022-04-11T10:36:29.754477Z
5db02e5d401d690c836b9ead,7000,2022-04-11T10:45:30.029331Z
5d78a7e552dfabd5251dab7b,4000,2022-04-14T08:36:38.980412Z
5d78a7e552dfabd5251dab7b,7000,2022-04-14T08:41:20.689517Z
5db02e5d401d690c836b9ead,3000,2022-04-15T14:04:02.558636Z
5db02e5d401d690c836b9ead,7000,2022-04-15T14:23:41.67983Z
5db02e5d401d690c836b9ead,3000,2022-04-15T15:00:20.51939Z
5db02e5d401d690c836b9ead,7000,2022-04-15T15:41:24.239823Z
5d78a7e552dfabd5251dab7b,4000,2022-04-15T16:33:27.737732Z
5d78a7e552dfabd5251dab7b,7000,2022-04-15T16:35:24.201075Z
5db02e5d401d690c836b9ead,3000,2022-04-15T16:49:06.436229Z
5db02e5d401d690c836b9ead,7000,2022-04-15T17:15:09.654323Z
5d78a7e552dfabd5251dab7b,9500,2022-04-16T05:52:42.610507Z
5cc1b60b034adf90cd8f14dd,8500,2022-04-16T05:53:51.829283Z
5d78a7e552dfabd5251dab7b,4000,2022-04-16T13:36:24.4162Z
5d78a7e552dfabd5251dab7b,9500,2022-04-16T16:02:00.017665Z
5cc1b60b034adf90cd8f14dd,9500,2022-04-16T16:15:53.802387Z
5db02e5d401d690c836b9ead,3000,2022-04-17T13:11:39.796487Z
5db02e5d401d690c836b9ead,7000,2022-04-17T13:50:58.871253Z
5db02e5d401d690c836b9ead,3000,2022-04-17T13:56:29.906194Z
5db02e5d401d690c836b9ead,7000,2022-04-17T15:41:38.98743Z
5db02e5d401d690c836b9ead,3000,2022-04-17T16:06:08.383324Z
5db02e5d401d690c836b9ead,7000,2022-04-17T17:32:48.208426Z
5d78a7e552dfabd5251dab7b,4000,2022-04-17T18:28:52.808855Z
5db02e5d401d690c836b9ead,3000,2022-04-17T18:30:19.219006Z
5db02e5d401d690c836b9ead,7000,2022-04-17T18:45:43.260602Z
5d78a7e552dfabd5251dab7b,9500,2022-04-18T09:01:05.956197Z
5db02e5d401d690c836b9ead,3000,2022-04-18T10:35:50.858325Z
5db02e5d401d690c836b9ead,7000,2022-04-19T08:40:57.346608Z
5db02e5d401d690c836b9ead,3000,2022-04-19T09:21:10.353919Z
5db02e5d401d690c836b9ead,7000,2022-04-19T10:15:45.159288Z
5db02e5d401d690c836b9ead,3000,2022-04-19T10:46:53.817728Z
5db02e5d401d690c836b9ead,7000,2022-04-19T11:11:22.691737Z
5d78a7e552dfabd5251dab7b,4000,2022-04-19T12:23:02.241167Z
5d78a7e552dfabd5251dab7b,9500,2022-04-19T12:29:52.355572Z
5d78a7e552dfabd5251dab7b,4000,2022-04-20T13:26:03.200477Z
5d78a7e552dfabd5251dab7b,9500,2022-04-20T14:13:31.032393Z
5db02e5d401d690c836b9ead,3000,2022-04-20T14:38:20.908593Z
5db02e5d401d690c836b9ead,7000,2022-04-20T14:50:30.61865Z
5db02e5d401d690c836b9ead,3000,2022-04-20T17:07:43.292063Z
5db02e5d401d690c836b9ead,7000,2022-04-20T18:27:37.342379Z
5db02e5d401d690c836b9ead,3000,2022-04-21T08:46:14.625468Z
5db02e5d401d690c836b9ead,7000,2022-04-21T09:15:22.211067Z
5db02e5d401d690c836b9ead,3000,2022-04-21T10:05:03.03782Z
5db02e5d401d690c836b9ead,7000,2022-04-21T10:44:10.587972Z
5db02e5d401d690c836b9ead,3000,2022-04-21T12:47:31.641555Z
5db02e5d401d690c836b9ead,7000,2022-04-21T12:56:00.732977Z
5d78a7e552dfabd5251dab7b,4000,2022-04-21T15:42:44.60251Z
5d78a7e552dfabd5251dab7b,9500,2022-04-21T16:22:09.032658Z
5db02e5d401d690c836b9ead,3000,2022-04-22T08:08:51.37034Z
5db02e5d401d690c836b9ead,7000,2022-04-22T09:11:21.807919Z
5db02e5d401d690c836b9ead,3000,2022-04-22T09:22:26.504743Z
5db02e5d401d690c836b9ead,7000,2022-04-22T09:50:35.677384Z
5db02e5d401d690c836b9ead,3500,2022-04-22T11:22:28.360949Z
5db02e5d401d690c836b9ead,3000,2022-04-22T11:22:35.475913Z
5db02e5d401d690c836b9ead,7000,2022-04-22T12:00:49.300795Z
5db02e5d401d690c836b9ead,3000,2022-04-22T16:52:18.234014Z
5db02e5d401d690c836b9ead,7000,2022-04-22T18:07:31.833159Z
5db02e5d401d690c836b9ead,4000,2022-04-23T08:20:11.154687Z
5db02e5d401d690c836b9ead,3000,2022-04-23T08:22:01.463884Z
5db02e5d401d690c836b9ead,7000,2022-04-23T08:48:32.640419Z
5db02e5d401d690c836b9ead,3000,2022-04-23T11:13:54.849508Z
5db02e5d401d690c836b9ead,7000,2022-04-23T11:50:58.5336Z
5db02e5d401d690c836b9ead,3000,2022-04-23T12:28:58.865973Z
5db02e5d401d690c836b9ead,7000,2022-04-23T13:51:49.304253Z
5db02e5d401d690c836b9ead,3000,2022-04-23T14:41:56.474317Z
5db02e5d401d690c836b9ead,7000,2022-04-23T15:00:13.451559Z
5db02e5d401d690c836b9ead,3000,2022-04-23T15:28:54.56701Z
5db02e5d401d690c836b9ead,7000,2022-04-23T16:01:45.127017Z
5d78a7e552dfabd5251dab7b,4000,2022-04-23T16:45:38.036091Z
5d78a7e552dfabd5251dab7b,9500,2022-04-23T16:57:54.852668Z
5d78a7e552dfabd5251dab7b,4000,2022-04-23T16:59:11.547592Z
5db02e5d401d690c836b9ead,3000,2022-04-23T17:06:48.287907Z
5d78a7e552dfabd5251dab7b,9500,2022-04-23T17:10:46.510349Z
5db02e5d401d690c836b9ead,7000,2022-04-23T17:54:17.706232Z
5db02e5d401d690c836b9ead,3000,2022-04-24T08:38:53.58355Z
5d78a7e552dfabd5251dab7b,4000,2022-04-24T08:40:37.666277Z
5d78a7e552dfabd5251dab7b,9500,2022-04-24T08:44:27.10026Z
5db02e5d401d690c836b9ead,7000,2022-04-24T09:06:16.137936Z
5db02e5d401d690c836b9ead,3000,2022-04-24T11:17:19.910411Z
5db02e5d401d690c836b9ead,7000,2022-04-24T13:50:51.70246Z
5db02e5d401d690c836b9ead,3000,2022-04-24T14:22:48.814315Z
5db02e5d401d690c836b9ead,7000,2022-04-24T16:53:42.356902Z
5db02e5d401d690c836b9ead,3000,2022-04-24T17:24:35.347596Z
5db02e5d401d690c836b9ead,7000,2022-04-24T19:15:11.200852Z
5db02e5d401d690c836b9ead,3500,2022-04-25T10:27:36.96364Z
5db02e5d401d690c836b9ead,7000,2022-04-25T10:28:25.810842Z
5db02e5d401d690c836b9ead,3000,2022-04-25T10:52:34.892977Z
5db02e5d401d690c836b9ead,7000,2022-04-25T11:06:06.735464Z
5db02e5d401d690c836b9ead,3000,2022-04-25T11:32:03.498306Z
5db02e5d401d690c836b9ead,7000,2022-04-25T11:47:17.605601Z
5d78a7e552dfabd5251dab7b,4000,2022-04-25T13:14:29.114858Z
5d78a7e552dfabd5251dab7b,9500,2022-04-25T14:00:28.101069Z
5d78a7e552dfabd5251dab7b,4000,2022-04-25T14:42:47.807938Z
5d78a7e552dfabd5251dab7b,9500,2022-04-25T15:06:42.074356Z
5db02e5d401d690c836b9ead,3000,2022-04-25T15:59:38.715776Z
5d78a7e552dfabd5251dab7b,3000,2022-04-25T17:48:46.479105Z
5db02e5d401d690c836b9ead,7000,2022-04-26T09:47:08.512377Z
5db02e5d401d690c836b9ead,3000,2022-04-27T09:23:05.969451Z
5db02e5d401d690c836b9ead,7000,2022-04-27T10:18:19.926945Z
5db02e5d401d690c836b9ead,3000,2022-04-27T12:29:38.299727Z
5db02e5d401d690c836b9ead,7000,2022-04-27T16:29:05.074287Z
5db02e5d401d690c836b9ead,3000,2022-04-28T08:52:31.321328Z
5db02e5d401d690c836b9ead,7000,2022-04-28T08:54:52.125774Z
5db02e5d401d690c836b9ead,3000,2022-04-29T08:24:39.34573Z
5db02e5d401d690c836b9ead,7000,2022-04-29T08:41:19.024722Z
5db02e5d401d690c836b9ead,3000,2022-04-29T08:59:24.937445Z
5db02e5d401d690c836b9ead,7000,2022-04-29T09:32:14.28972Z
5db02e5d401d690c836b9ead,3000,2022-04-29T12:34:48.853878Z
5db02e5d401d690c836b9ead,7000,2022-04-29T13:47:33.088522Z
5db02e5d401d690c836b9ead,3500,2022-05-01T13:32:21.1934Z
5db02e5d401d690c836b9ead,7000,2022-05-01T13:50:27.163657Z
5db02e5d401d690c836b9ead,3500,2022-05-01T13:51:28.92949Z
5db02e5d401d690c836b9ead,7000,2022-05-01T14:15:50.532463Z
5db02e5d401d690c836b9ead,3000,2022-05-02T08:50:39.015833Z
5db02e5d401d690c836b9ead,7000,2022-05-02T11:07:40.08077Z
5d78a7e552dfabd5251dab7b,4000,2022-05-03T08:06:01.521731Z
5d78a7e552dfabd5251dab7b,9500,2022-05-03T08:30:28.456672Z
5db02e5d401d690c836b9ead,3000,2022-05-03T08:40:36.723108Z
5db02e5d401d690c836b9ead,7000,2022-05-03T09:02:42.885182Z
5d78a7e552dfabd5251dab7b,4000,2022-05-03T09:09:10.588819Z
5d78a7e552dfabd5251dab7b,9500,2022-05-03T09:17:17.075471Z
5db02e5d401d690c836b9ead,3000,2022-05-03T09:24:49.2621Z
5db02e5d401d690c836b9ead,7000,2022-05-03T10:44:31.156948Z
5d78a7e552dfabd5251dab7b,4000,2022-05-04T09:05:07.916188Z
5d78a7e552dfabd5251dab7b,9500,2022-05-04T09:25:43.651296Z
5db02e5d401d690c836b9ead,3000,2022-05-04T12:52:42.750784Z
5db02e5d401d690c836b9ead,7000,2022-05-04T13:07:25.749733Z
5db02e5d401d690c836b9ead,3000,2022-05-04T15:19:48.565002Z
5db02e5d401d690c836b9ead,7000,2022-05-04T15:48:10.766148Z
5db02e5d401d690c836b9ead,3000,2022-05-04T16:42:12.533671Z
5db02e5d401d690c836b9ead,7000,2022-05-04T16:42:47.218245Z
5db02e5d401d690c836b9ead,3000,2022-05-04T17:05:11.221329Z
5db02e5d401d690c836b9ead,7000,2022-05-04T17:16:30.179964Z
5db02e5d401d690c836b9ead,3000,2022-05-05T11:56:35.167869Z
5db02e5d401d690c836b9ead,7000,2022-05-05T12:32:48.122961Z
5d78a7e552dfabd5251dab7b,4000,2022-05-06T07:20:37.612584Z
5d78a7e552dfabd5251dab7b,9500,2022-05-06T07:35:30.983267Z
5d78a7e552dfabd5251dab7b,4000,2022-05-06T07:48:43.25231Z
5d78a7e552dfabd5251dab7b,9500,2022-05-06T08:03:50.223548Z
5d78a7e552dfabd5251dab7b,4000,2022-05-06T11:19:02.058897Z
5d78a7e552dfabd5251dab7b,9500,2022-05-06T11:24:08.097766Z
5db02e5d401d690c836b9ead,3000,2022-05-08T12:22:12.967325Z
5db02e5d401d690c836b9ead,7000,2022-05-08T14:29:49.547198Z
5db02e5d401d690c836b9ead,3000,2022-05-09T10:38:54.338144Z
5db02e5d401d690c836b9ead,7000,2022-05-09T11:23:26.064372Z
5db02e5d401d690c836b9ead,3000,2022-05-10T09:21:24.164022Z
5db02e5d401d690c836b9ead,7000,2022-05-10T09:31:47.897582Z
5db02e5d401d690c836b9ead,3000,2022-05-10T11:43:34.704261Z
5db02e5d401d690c836b9ead,7000,2022-05-10T12:19:48.274388Z
5d78a7e552dfabd5251dab7b,4000,2022-05-10T14:46:25.420689Z
5d78a7e552dfabd5251dab7b,9500,2022-05-10T15:18:40.819722Z
5db02e5d401d690c836b9ead,3000,2022-05-12T08:07:54.166353Z
5db02e5d401d690c836b9ead,7000,2022-05-12T09:13:13.105096Z
5cc1b60b034adf90cd8f14dd,3500,2022-05-12T12:42:04.125733Z
5cc1b60b034adf90cd8f14dd,9500,2022-05-12T12:45:17.130763Z
5d78a7e552dfabd5251dab7b,4000,2022-05-13T07:47:15.559037Z
5cc1b60b034adf90cd8f14dd,3500,2022-05-13T08:07:45.544483Z
5d78a7e552dfabd5251dab7b,9500,2022-05-13T08:30:48.875871Z
5cc1b60b034adf90cd8f14dd,9500,2022-05-13T09:04:08.658443Z
5d78a7e552dfabd5251dab7b,4000,2022-05-13T12:22:59.566796Z
5d78a7e552dfabd5251dab7b,9500,2022-05-13T15:47:55.900411Z
5d78a7e552dfabd5251dab7b,4500,2022-05-13T16:30:38.927883Z
5d78a7e552dfabd5251dab7b,4000,2022-05-13T16:31:36.359773Z
5d78a7e552dfabd5251dab7b,9500,2022-05-13T17:56:03.242183Z
5d78a7e552dfabd5251dab7b,4000,2022-05-14T07:32:08.111994Z
5cc1b60b034adf90cd8f14dd,3500,2022-05-14T08:21:41.888916Z
5cc1b60b034adf90cd8f14dd,9500,2022-05-14T08:59:01.686373Z
5d78a7e552dfabd5251dab7b,9500,2022-05-14T10:08:48.3633Z
5d78a7e552dfabd5251dab7b,4000,2022-05-15T08:05:22.989686Z
5cc1b60b034adf90cd8f14dd,3500,2022-05-15T08:18:19.163709Z
5db02e5d401d690c836b9ead,3000,2022-05-15T08:50:59.629927Z
5cc1b60b034adf90cd8f14dd,9500,2022-05-15T08:53:41.715092Z
5d78a7e552dfabd5251dab7b,9500,2022-05-15T08:55:57.893778Z
5db02e5d401d690c836b9ead,7000,2022-05-15T09:13:26.668959Z
5d78a7e552dfabd5251dab7b,4000,2022-05-15T11:30:57.965388Z
5cc1b60b034adf90cd8f14dd,3500,2022-05-15T14:06:40.364186Z
5d78a7e552dfabd5251dab7b,9500,2022-05-15T14:19:40.968453Z
5d78a7e552dfabd5251dab7b,4000,2022-05-15T14:24:21.752081Z
5cc1b60b034adf90cd8f14dd,9500,2022-05-15T15:39:00.935915Z
5d78a7e552dfabd5251dab7b,9500,2022-05-15T17:31:30.427624Z
5d78a7e552dfabd5251dab7b,4000,2022-05-15T18:48:05.574933Z
5d78a7e552dfabd5251dab7b,9500,2022-05-15T19:29:28.999328Z
5d78a7e552dfabd5251dab7b,4000,2022-05-16T07:31:22.170932Z
5db02e5d401d690c836b9ead,3000,2022-05-16T07:40:12.507338Z
5db02e5d401d690c836b9ead,7000,2022-05-16T07:58:41.489518Z
5d78a7e552dfabd5251dab7b,9500,2022-05-16T07:59:47.743439Z
5db02e5d401d690c836b9ead,3000,2022-05-16T08:19:15.333604Z
5d78a7e552dfabd5251dab7b,4000,2022-05-16T08:33:02.955654Z
5db02e5d401d690c836b9ead,7000,2022-05-16T09:19:08.022052Z
5d78a7e552dfabd5251dab7b,9500,2022-05-16T10:31:30.479143Z
5d78a7e552dfabd5251dab7b,4000,2022-05-16T11:47:18.366459Z
5d78a7e552dfabd5251dab7b,9500,2022-05-16T12:07:23.267256Z
5d78a7e552dfabd5251dab7b,4000,2022-05-16T12:15:49.114167Z
5d78a7e552dfabd5251dab7b,9500,2022-05-16T18:31:56.313129Z
5db02e5d401d690c836b9ead,3000,2022-05-17T08:44:26.229909Z
5db02e5d401d690c836b9ead,7000,2022-05-17T09:09:42.312712Z
5d78a7e552dfabd5251dab7b,4000,2022-05-17T09:46:34.721927Z
5d78a7e552dfabd5251dab7b,9500,2022-05-17T10:49:25.547278Z
5db02e5d401d690c836b9ead,3000,2022-05-17T11:53:44.666435Z
5d78a7e552dfabd5251dab7b,4000,2022-05-17T12:05:00.696325Z
5db02e5d401d690c836b9ead,7000,2022-05-17T12:08:49.030068Z
5d78a7e552dfabd5251dab7b,9500,2022-05-17T13:40:43.518394Z
5d78a7e552dfabd5251dab7b,4500,2022-05-17T14:21:53.310228Z
5d78a7e552dfabd5251dab7b,9500,2022-05-17T16:54:44.439236Z
5db02e5d401d690c836b9ead,3000,2022-05-18T08:01:41.080637Z
5db02e5d401d690c836b9ead,7000,2022-05-18T09:10:40.884662Z
5d78a7e552dfabd5251dab7b,4000,2022-05-18T13:57:48.389453Z
5d78a7e552dfabd5251dab7b,9500,2022-05-18T14:30:00.556726Z
5d78a7e552dfabd5251dab7b,4000,2022-05-19T07:56:30.471878Z
5d78a7e552dfabd5251dab7b,9500,2022-05-19T08:13:40.54803Z
5db02e5d401d690c836b9ead,3000,2022-05-19T08:23:39.769643Z
5d78a7e552dfabd5251dab7b,4000,2022-05-19T08:33:03.071893Z
5db02e5d401d690c836b9ead,7000,2022-05-19T08:47:03.541734Z
5d78a7e552dfabd5251dab7b,9500,2022-05-19T09:31:06.551979Z
5db02e5d401d690c836b9ead,3000,2022-05-20T07:39:05.635475Z
5d78a7e552dfabd5251dab7b,4000,2022-05-20T07:53:24.734783Z
5d78a7e552dfabd5251dab7b,9500,2022-05-20T08:58:05.651849Z
5db02e5d401d690c836b9ead,7000,2022-05-20T09:00:51.006288Z
5db02e5d401d690c836b9ead,3000,2022-05-20T13:20:19.870509Z
5db02e5d401d690c836b9ead,7000,2022-05-20T14:07:04.524544Z
5d78a7e552dfabd5251dab7b,4000,2022-05-20T15:50:40.77127Z
5d78a7e552dfabd5251dab7b,9500,2022-05-20T17:10:03.821853Z
5d78a7e552dfabd5251dab7b,4000,2022-05-20T17:19:15.99541Z
5d78a7e552dfabd5251dab7b,9500,2022-05-20T17:56:52.13077Z
5db02e5d401d690c836b9ead,3000,2022-05-21T08:33:40.925383Z
5db02e5d401d690c836b9ead,7000,2022-05-21T09:01:11.603773Z
5db02e5d401d690c836b9ead,3000,2022-05-21T10:02:30.435358Z
5db02e5d401d690c836b9ead,7000,2022-05-21T10:42:42.436761Z
5db02e5d401d690c836b9ead,3000,2022-05-21T11:19:08.552635Z
5db02e5d401d690c836b9ead,7000,2022-05-21T11:40:15.049569Z
5d78a7e552dfabd5251dab7b,4000,2022-05-21T12:02:44.560617Z
5d78a7e552dfabd5251dab7b,9500,2022-05-21T12:31:27.100634Z
5d78a7e552dfabd5251dab7b,4000,2022-05-22T11:15:42.584911Z
5d78a7e552dfabd5251dab7b,9500,2022-05-22T11:25:10.098727Z
5db02e5d401d690c836b9ead,3000,2022-05-24T08:16:31.45709Z
5d78a7e552dfabd5251dab7b,4000,2022-05-24T08:27:31.651583Z
5d78a7e552dfabd5251dab7b,9500,2022-05-24T08:35:37.057154Z
5db02e5d401d690c836b9ead,7000,2022-05-24T08:57:59.632322Z
5db02e5d401d690c836b9ead,3000,2022-05-24T09:04:37.853832Z
5db02e5d401d690c836b9ead,7000,2022-05-24T10:46:10.045263Z
5d78a7e552dfabd5251dab7b,4000,2022-05-24T11:55:28.563556Z
5d78a7e552dfabd5251dab7b,9500,2022-05-24T12:13:41.014164Z
5db02e5d401d690c836b9ead,3000,2022-05-29T07:47:18.217045Z
5db02e5d401d690c836b9ead,7000,2022-05-29T08:14:25.943217Z
5db02e5d401d690c836b9ead,3000,2022-05-29T08:42:34.935855Z
5db02e5d401d690c836b9ead,7000,2022-05-29T09:15:40.258284Z
5d78a7e552dfabd5251dab7b,4000,2022-05-31T08:38:11.786546Z
5d78a7e552dfabd5251dab7b,9500,2022-05-31T08:46:48.748339Z
5d78a7e552dfabd5251dab7b,4000,2022-06-01T18:34:16.303546Z
5d78a7e552dfabd5251dab7b,9500,2022-06-01T19:14:57.339332Z
5db02e5d401d690c836b9ead,3000,2022-06-02T08:28:12.105927Z
5db02e5d401d690c836b9ead,7000,2022-06-02T08:42:40.204367Z
5db02e5d401d690c836b9ead,3000,2022-06-05T07:33:42.007235Z
5db02e5d401d690c836b9ead,7000,2022-06-05T07:52:56.842099Z
5d78a7e552dfabd5251dab7b,4000,2022-06-11T12:27:52.130273Z
5d78a7e552dfabd5251dab7b,9500,2022-06-11T12:29:49.570401Z
5d78a7e552dfabd5251dab7b,4000,2022-12-14T08:53:33.780107Z
5d78a7e552dfabd5251dab7b,9500,2022-12-14T09:39:29.118287Z
5db02e5d401d690c836b9ead,3000,2022-12-15T13:29:19.320961Z
5db02e5d401d690c836b9ead,7000,2022-12-15T13:40:46.408866Z
5db02e5d401d690c836b9ead,3000,2022-12-16T08:49:57.040753Z
5d78a7e552dfabd5251dab7b,4000,2022-12-16T09:10:36.462734Z
5db02e5d401d690c836b9ead,7000,2022-12-16T09:15:35.189277Z
5cc1b60b034adf90cd8f14dd,3500,2022-12-16T09:30:41.867811Z
5db02e5d401d690c836b9ead,3000,2022-12-16T09:32:37.959127Z
5d78a7e552dfabd5251dab7b,9500,2022-12-16T10:23:09.801618Z
5db02e5d401d690c836b9ead,7000,2022-12-16T12:26:10.602562Z
5db02e5d401d690c836b9ead,3000,2022-12-16T13:53:33.582399Z
5cc1b60b034adf90cd8f14dd,9500,2022-12-16T18:45:34.622206Z
5db02e5d401d690c836b9ead,2000,2022-12-16T18:53:13.444179Z
5db02e5d401d690c836b9ead,7000,2022-12-16T19:35:30.090239Z
5d78a7e552dfabd5251dab7b,3500,2022-12-17T08:13:47.274853Z
5d78a7e552dfabd5251dab7b,4000,2022-12-17T08:15:47.779765Z
5d78a7e552dfabd5251dab7b,9500,2022-12-17T08:30:28.402636Z
5db02e5d401d690c836b9ead,3000,2022-12-17T08:45:05.067081Z
5d78a7e552dfabd5251dab7b,4000,2022-12-17T09:11:33.361458Z
5db02e5d401d690c836b9ead,2500,2022-12-17T09:56:33.629975Z
5db02e5d401d690c836b9ead,7000,2022-12-17T10:25:27.045829Z
5cc1b60b034adf90cd8f14dd,3500,2022-12-17T15:07:19.688653Z
5d78a7e552dfabd5251dab7b,9500,2022-12-17T15:48:55.80246Z
5cc1b60b034adf90cd8f14dd,9500,2022-12-17T15:49:54.248897Z
5db02e5d401d690c836b9ead,3000,2022-12-17T17:38:38.231419Z
5db02e5d401d690c836b9ead,7000,2022-12-17T20:03:10.023062Z
5db02e5d401d690c836b9ead,3000,2022-12-18T08:21:22.589381Z
5db02e5d401d690c836b9ead,7000,2022-12-18T08:35:01.831853Z
5db02e5d401d690c836b9ead,3500,2022-12-18T08:38:52.755864Z
5db02e5d401d690c836b9ead,3000,2022-12-18T08:38:59.760244Z
5db02e5d401d690c836b9ead,7000,2022-12-18T09:40:26.058525Z
5db02e5d401d690c836b9ead,3000,2022-12-18T09:51:22.501211Z
5db02e5d401d690c836b9ead,7000,2022-12-18T10:45:59.695846Z
5d78a7e552dfabd5251dab7b,4000,2022-12-18T14:37:13.837066Z
5d78a7e552dfabd5251dab7b,9500,2022-12-18T15:12:41.387838Z
5cc1b60b034adf90cd8f14dd,3500,2022-12-18T16:03:57.908505Z
5cc1b60b034adf90cd8f14dd,3000,2022-12-18T16:36:57.371232Z
5cc1b60b034adf90cd8f14dd,9500,2022-12-18T17:50:59.327614Z
5db02e5d401d690c836b9ead,3000,2022-12-19T08:33:48.174991Z
5db02e5d401d690c836b9ead,7000,2022-12-19T08:49:18.298402Z
5cc1b60b034adf90cd8f14dd,3500,2022-12-19T15:52:25.151969Z
5cc1b60b034adf90cd8f14dd,9500,2022-12-19T16:06:39.202525Z
5db02e5d401d690c836b9ead,3000,2022-12-20T10:18:31.257431Z
5db02e5d401d690c836b9ead,7000,2022-12-20T10:54:12.486008Z
5db02e5d401d690c836b9ead,3000,2022-12-21T08:47:40.466714Z
5db02e5d401d690c836b9ead,7000,2022-12-21T09:55:00.240165Z
5db02e5d401d690c836b9ead,3500,2022-12-22T10:02:30.284803Z
5db02e5d401d690c836b9ead,7000,2022-12-22T11:06:50.088757Z
5cc1b60b034adf90cd8f14dd,3500,2022-12-23T13:49:41.523179Z
5cc1b60b034adf90cd8f14dd,9500,2022-12-23T14:11:21.798353Z
5cc1b60b034adf90cd8f14dd,3500,2022-12-25T17:33:37.013066Z
5cc1b60b034adf90cd8f14dd,9500,2022-12-25T17:54:56.944784Z
5cc1b60b034adf90cd8f14dd,4000,2022-12-25T19:50:21.252887Z
5cc1b60b034adf90cd8f14dd,9500,2022-12-25T20:27:59.398802Z
5cc1b60b034adf90cd8f14dd,4000,2022-12-26T13:15:42.215297Z
5cc1b60b034adf90cd8f14dd,9500,2022-12-26T13:23:21.015499Z
5db02e5d401d690c836b9ead,3000,2022-12-27T15:25:22.325919Z
5db02e5d401d690c836b9ead,7000,2022-12-27T16:18:23.232931Z
5db02e5d401d690c836b9ead,3000,2022-12-28T08:36:44.880817Z
5db02e5d401d690c836b9ead,7000,2022-12-28T09:11:19.063693Z
5db02e5d401d690c836b9ead,3000,2022-12-30T09:10:48.137525Z
5db02e5d401d690c836b9ead,7000,2022-12-30T09:23:23.666806Z
5db02e5d401d690c836b9ead,3000,2022-12-31T11:20:45.806484Z
5db02e5d401d690c836b9ead,7000,2022-12-31T11:34:44.77575Z
5db02e5d401d690c836b9ead,3500,2022-12-31T13:32:33.317819Z
5db02e5d401d690c836b9ead,7000,2022-12-31T13:38:08.900497Z
5db02e5d401d690c836b9ead,3500,2022-12-31T16:04:21.534132Z
5db02e5d401d690c836b9ead,7000,2022-12-31T16:05:21.627336Z
5db02e5d401d690c836b9ead,3500,2022-12-31T17:24:47.741915Z
5db02e5d401d690c836b9ead,7000,2022-12-31T19:11:01.603276Z
5db02e5d401d690c836b9ead,3000,2023-01-01T10:34:46.961675Z
5db02e5d401d690c836b9ead,7000,2023-01-01T11:15:38.366694Z
5db02e5d401d690c836b9ead,3000,2023-01-01T11:57:04.017872Z
5db02e5d401d690c836b9ead,7000,2023-01-01T13:57:33.176327Z
5db02e5d401d690c836b9ead,3000,2023-01-01T14:07:05.068955Z
5db02e5d401d690c836b9ead,7000,2023-01-01T16:26:00.518846Z
5db02e5d401d690c836b9ead,3000,2023-01-02T16:51:27.237349Z
5db02e5d401d690c836b9ead,7000,2023-01-02T17:43:40.143625Z
5db02e5d401d690c836b9ead,3000,2023-01-03T12:41:15.581536Z
5db02e5d401d690c836b9ead,7000,2023-01-03T13:14:36.552923Z
5db02e5d401d690c836b9ead,3500,2023-01-03T13:32:08.64009Z
5db02e5d401d690c836b9ead,7000,2023-01-03T13:51:42.840053Z
5d78a7e552dfabd5251dab7b,3500,2023-01-03T14:23:48.859189Z
5d78a7e552dfabd5251dab7b,4000,2023-01-03T14:24:05.12924Z
5d78a7e552dfabd5251dab7b,9500,2023-01-03T14:28:19.799933Z
5db02e5d401d690c836b9ead,3500,2023-01-03T14:28:54.650661Z
5db02e5d401d690c836b9ead,7000,2023-01-03T14:45:35.417537Z
